ts,lp,votes,emissions,bribes,fees,chain_id,chain_name,chain_key,bribes_usd,fees_usd,total_incentives_usd
1769644800,0x7A7f1187c4710010DB17d0a9ad3fcE85e6ecD90a,2090309.0073597855,0.01962192323544096,[],"[('0x3417E54A51924C225330f8770514aD5560B9098D', 1706155020048366590), ('0x9560e827aF36c94D2Ac33a39bCE1Fe78631088Db', 106060283236072112962)]",10,Optimism,op,0.0,1.99,1.99
1769644800,0x8134A2fDC127549480865fB8E5A9E8A8a95a54c5,2534811.0304320534,0.02379483679189746,[],"[('0x7F5c764cBc14f9669B88837ca1490cCa17c31607', 101740664), ('0x9560e827aF36c94D2Ac33a39bCE1Fe78631088Db', 6654984703628725810628)]",10,Optimism,op,0.0,223.27,223.27
1769644800,0x58e6433A6903886E440Ddf519eCC573c4046a6b2,5706989.757430548,0.0531303595273459,[],"[('0x4200000000000000000000000000000000000006', 68262515387523603), ('0x9560e827aF36c94D2Ac33a39bCE1Fe78631088Db', 15486913295864766470711)]",10,Optimism,op,0.0,470.19,470.19
1769644800,0x1AD06Ca54de04DBe9e2817F4C13eCB406DCbeAf0,117675.02802281946,0.001104640943529753,[],"[('0x3E29D3A9316dAB217754d13b28646B76607c5f04', 109688345821707), ('0x6806411765Af15Bddd26f8f544A34cC40cb9838B', 87223851796966)]",10,Optimism,op,0.0,0.53,0.53
1769644800,0xC5c247580A4A6E4d3811c0DA6215057aaC480bAc,94056.53805167574,0.000882929069015367,[],"[('0x1F32b1c2345538c0c6f582fCB022739c4A194Ebb', 258830969322575), ('0xFdb794692724153d1488CcdBE0C56c252596735F', 2324087294516029262)]",10,Optimism,op,0.0,2.15,2.15
1769644800,0x4E316557f63C2156eAFdfec08f31DF4957136203,1993488.5993080144,0.01871330871345435,[],"[('0x3417E54A51924C225330f8770514aD5560B9098D', 87441311971307548537), ('0x4200000000000000000000000000000000000042', 2655736061207825646)]",10,Optimism,op,0.0,3.42,3.42
1769644800,0x6387765fFA609aB9A1dA1B16C455548Bfed7CbEA,67613.05040272523,0.000634704627920091,[],"[('0x4200000000000000000000000000000000000006', 1564224534961901), ('0xc40F949F8a4e094D1b49a23ea9241D289B7b2819', 4733840011258833597)]",10,Optimism,op,0.0,9.03,9.03
1769644800,0x19715771E30c93915A5bbDa134d782b81A820076,222.98599864716468,2.093238575389e-06,[],"[('0xDA10009cBd5D07dd0CeCc66161FC93D7c9000da1', 11492264416501170)]",10,Optimism,op,0.0,0.01,0.01
1769644800,0xfA09479d72E2b3f8B6dF63399772237Ad6658D76,24970.952150841982,0.000234410055445031,[],"[('0xdFA46478F9e5EA86d57387849598dbFB2e964b02', 2243487472425645130)]",10,Optimism,op,0.0,0.09,0.09
1769644800,0x8542DD4744edEa38b8a9306268b08F4D26d38581,103038.28268965337,0.000967252246223542,[],"[('0x2E3D870790dC77A83DD1d18184Acc7439A53f475', 1115890240826437366), ('0x7F5c764cBc14f9669B88837ca1490cCa17c31607', 1133519)]",10,Optimism,op,0.0,2.24,2.24
1769644800,0x0df083de449F75691fc5A36477a6f3284C269108,911321.543379472,0.008554857348706707,[],"[('0x4200000000000000000000000000000000000042', 129134735343630967101), ('0x7F5c764cBc14f9669B88837ca1490cCa17c31607', 37723379)]",10,Optimism,op,0.0,72.34,72.34
1769644800,0x0493Bf8b6DBB159Ce2Db2E0E8403E753Abd1235b,374276.31572687614,0.003513494083702296,[],"[('0x4200000000000000000000000000000000000006', 10705947931503815), ('0x7F5c764cBc14f9669B88837ca1490cCa17c31607', 31907496)]",10,Optimism,op,0.0,61.29,61.29
1769644800,0x2B47C794c3789f499D8A54Ec12f949EeCCE8bA16,29173.075856944484,0.0002738603142112,[],"[('0x7F5c764cBc14f9669B88837ca1490cCa17c31607', 918430)]",10,Optimism,op,0.0,0.92,0.92
1769644800,0x4d7959d17B9710BE87e3657e69d946914221BB88,23348.419058040465,0.000219181734930005,[],"[('0x7F5c764cBc14f9669B88837ca1490cCa17c31607', 1699028), ('0xCB8FA9a76b8e203D8C3797bF438d8FB81Ea3326A', 1657038464684762426)]",10,Optimism,op,0.0,3.34,3.34
1769644800,0x8F47041aDbeF5BF321c9F63A0660326614ab6B60,308514.3576559799,0.002896158065081814,[],"[('0x4200000000000000000000000000000000000006', 252027185138334), ('0x920Cf626a271321C151D027030D5d08aF699456b', 147319046884866796)]",10,Optimism,op,0.0,1.63,1.63
1769644800,0xB720FBC32d60BB6dcc955Be86b98D8fD3c4bA645,36766.69984024656,0.000345144955579374,[],"[('0x8aE125E8653821E851F12A49F7765db9a9ce7384', 152270354488226535)]",10,Optimism,op,0.0,0.14,0.14
1769644800,0x71d53B5B7141E1ec9A3Fc9Cc48b4766102d14A4A,773962.0104564802,0.007311882092503338,[],"[('0x7F5c764cBc14f9669B88837ca1490cCa17c31607', 4140246), ('0x8700dAec35aF8Ff88c16BdF0418774CB3D7599B4', 10334328831819485267)]",10,Optimism,op,0.0,8.29,8.29
1769644800,0x4E60495550071693bc8bDfFC40033d278157EAC7,67796.36335018881,0.000636440178305072,[],"[('0x1DB2466d9F5e10D7090E7152B68d62703a2245F0', 290847809149859150925)]",10,Optimism,op,0.0,0.11,0.11
1769644800,0x917AA69D539D6518440dd0BEA2eaAc142a8d5610,15439718.882059645,0.14235061894082693,[],"[('0x1610e3c85dd44Af31eD7f33a63642012Dca0C5A5', 6612269449108319), ('0x4200000000000000000000000000000000000006', 6050433045819034)]",10,Optimism,op,0.0,34.8,34.8
1769644800,0x25C488e5F69aC334ac1e8f786D890A97ec1bF713,282406.08049255493,0.00265109465082566,[],"[('0x9e5AAC1Ba1a2e6aEd6b32689DFcF62A509Ca96f3', 1414000768151770581806), ('0xbfD291DA8A403DAAF7e5E9DC1ec0aCEaCd4848B9', 14279236000520516184)]",10,Optimism,op,0.0,27.33,27.33
1769644800,0x7e0F65FAB1524dA9E2E5711D160541cf1199912E,8262.634268368198,7.7565700683194e-05,[],"[('0x4200000000000000000000000000000000000006', 146898537193603), ('0x9Bcef72be871e61ED4fBbc7630889beE758eb81D', 122817988407207)]",10,Optimism,op,0.0,0.79,0.79
1769644800,0x6dA98Bde0068d10DDD11b468b197eA97D96F96Bc,38520.86894470025,0.000361619278022832,[],"[('0x1F32b1c2345538c0c6f582fCB022739c4A194Ebb', 932034296691797), ('0x4200000000000000000000000000000000000006', 1129257490857347)]",10,Optimism,op,0.0,6.24,6.24
1769644800,0x3DD9556a521d6e57bE480c94da102fedf0429aba,271847.2661563156,0.00255199882071852,[],"[('0x79AF5dd14e855823FA3E9ECAcdF001D99647d043', 497843257806282375), ('0x9485aca5bbBE1667AD97c7fE7C4531a624C8b1ED', 10677913376281577)]",10,Optimism,op,0.0,0.01,0.01
1769644800,0xd25711EdfBf747efCE181442Cc1D8F5F8fc8a0D3,2074366.568266397,0.01948406968402104,[],"[('0x4200000000000000000000000000000000000006', 15006819220684830), ('0x4200000000000000000000000000000000000042', 161258018825880465095)]",10,Optimism,op,0.0,84.42,84.42
1769644800,0x7e1357fa56C0eCfE69dAF22E08489aE8De56d86C,170469.24972495277,0.001600300530580647,[],"[('0x4200000000000000000000000000000000000042', 7657775605880411441), ('0xAF9fE3B5cCDAe78188B1F8b9a49Da7ae9510F151', 19666996545485284085)]",10,Optimism,op,0.0,5.17,5.17
1769644800,0xFF5318f81Dd791e92d51b8A54fA3538832D2890D,2666.7528459986497,2.5034710646865e-05,[],"[('0x484c2D6e3cDd945a8B2DF735e079178C1036578c', 83395823781), ('0x6806411765Af15Bddd26f8f544A34cC40cb9838B', 94419936297)]",10,Optimism,op,0.0,0.0,0.0
1769644800,0xa1055762336F92b4B8d2eDC032A0Ce45ead6280a,28357305.06085065,0.28358485367994907,[],"[('0x3E29D3A9316dAB217754d13b28646B76607c5f04', 32056273688276434), ('0x4200000000000000000000000000000000000006', 28717565975423523)]",10,Optimism,op,0.0,163.35,163.35
1769644800,0xaF03f51DE7a0E62BF061F6Fc3931cF79166B0a29,32322.240474664504,0.000303431920568033,[],"[('0x2E3D870790dC77A83DD1d18184Acc7439A53f475', 554243159217269667), ('0xCB8FA9a76b8e203D8C3797bF438d8FB81Ea3326A', 539744324920287349)]",10,Optimism,op,0.0,1.08,1.08
1769644800,0x56770b94279539416855fe29Ef14b26438B5e421,102301.15899408786,0.000960373931202057,[],"[('0x296F55F8Fb28E498B858d0BcDA06D955B2Cb3f97', 49254431752526413531), ('0x7F5c764cBc14f9669B88837ca1490cCa17c31607', 9286007)]",10,Optimism,op,0.0,17.73,17.73
1769644800,0xE54e4020d1C3afDB312095D90054103E68fe34B0,9155.412978044762,8.5948390418639e-05,[],"[('0xdFA46478F9e5EA86d57387849598dbFB2e964b02', 6082683160011475829)]",10,Optimism,op,0.0,0.25,0.25
1769644800,0x0e88a5bfF34d39DA66bdD32B82dC89a32D7Bb6c9,2529358.0933449045,0.023745123744993452,[],"[('0x4200000000000000000000000000000000000006', 1425523579340811), ('0xc5102fE9359FD9a28f877a67E36B0F050d81a3CC', 2461896197983636371902)]",10,Optimism,op,0.0,6.68,6.68
1769644800,0x615B9dd61f1F9a80f5bcD33A53Eb79c37b20adDC,49305.70094256236,0.000462872368011173,[],"[('0x7F5c764cBc14f9669B88837ca1490cCa17c31607', 820305), ('0xa50B23cDfB2eC7c590e84f403256f67cE6dffB84', 18696055058870862333278)]",10,Optimism,op,0.0,2.35,2.35
1769644800,0x6d5BA400640226e24b50214d2bBb3D4Db8e6e15a,119141.38770169015,0.001118476265409172,[],"[('0x8c6f28f2F1A3C87F0f938b96d27520d9751ec8d9', 333134919466897725)]",10,Optimism,op,0.0,0.24,0.24
1769644800,0x7178F61694ba9109205B8d6F686282307625e62D,83039.34199687878,0.000779557254706933,[],"[('0x1F32b1c2345538c0c6f582fCB022739c4A194Ebb', 819414183385048), ('0x4200000000000000000000000000000000000042', 10736684332681528564)]",10,Optimism,op,0.0,5.64,5.64
1769644800,0x3f42Dc59DC4dF5cD607163bC620168f7FF7aB970,15918.53132837527,0.000149441570966393,[],"[('0x4200000000000000000000000000000000000006', 259289083918477), ('0x6806411765Af15Bddd26f8f544A34cC40cb9838B', 301625603387655)]",10,Optimism,op,0.0,1.53,1.53
1769644800,0x1f8b46abe1EAbF5A60CbBB5Fb2e4a6A46fA0b6e6,20462.65521564497,0.000192101348955397,[],"[('0x2E3D870790dC77A83DD1d18184Acc7439A53f475', 620357108210614860), ('0x8aE125E8653821E851F12A49F7765db9a9ce7384', 571375044097407903)]",10,Optimism,op,0.0,1.13,1.13
1769644800,0xDFF90E4A6c229565f25337B1DB9fA12f6d8cB118,231284.74781620703,0.002171277949028469,[],"[('0x217D47011b23BB961eB6D93cA9945B7501a5BB11', 4172578935165874521), ('0x4200000000000000000000000000000000000006', 1452896572047372)]",10,Optimism,op,0.0,4.96,4.96
1769644800,0xe9581d0F1A628B038fC8B2a7F5A7d904f0e2f937,2429760.000848374,0.0228109908427425,[],"[('0x4200000000000000000000000000000000000042', 282981094815489305712), ('0x9560e827aF36c94D2Ac33a39bCE1Fe78631088Db', 7096449800085512135942)]",10,Optimism,op,0.0,205.46,205.46
1769644800,0x60BE3FB22DDF30C17604b86eC005F6173B1170Aa,1080923.8052249027,0.01014760396016184,[],"[('0x4200000000000000000000000000000000000042', 63352048754352956264), ('0xCB8FA9a76b8e203D8C3797bF438d8FB81Ea3326A', 18508807460640055628)]",10,Optimism,op,0.0,35.29,35.29
1769644800,0xA5EDb0EF932f7c2f37B8FC75CB01948F6258a4f8,1118250.7067350307,0.010498164054966456,[],"[('0x3E29D3A9316dAB217754d13b28646B76607c5f04', 1929163374558582), ('0x4200000000000000000000000000000000000042', 19936973319284190435)]",10,Optimism,op,0.0,10.43,10.43
1769644800,0xC4270d957C218d263e7FAE5a3bEEDC1E98B6012D,55474.34954611029,0.000520794504193069,[],"[('0x1DB2466d9F5e10D7090E7152B68d62703a2245F0', 108172019831850791518), ('0x9560e827aF36c94D2Ac33a39bCE1Fe78631088Db', 5088663664892793106)]",10,Optimism,op,0.0,0.13,0.13
1769644800,0x62191C893DF8d26aC295BA1274a00975dc07190C,8297530.503606872,0.07669363039061904,"[('0x676f784d19c7F1Ac6C6BeaeaaC78B02a73427852', 1500000000000000000000000)]","[('0x4200000000000000000000000000000000000006', 6568858037088455), ('0x676f784d19c7F1Ac6C6BeaeaaC78B02a73427852', 45681691189067281228944)]",10,Optimism,op,411.0,30.55,441.55
1769644800,0x10df8a154C806f74C589466214b1C831c2315173,108691.35155699309,0.00102039697639263,[],"[('0x4200000000000000000000000000000000000006', 20286166622545), ('0xC26921B5b9ee80773774d36C84328ccb22c3a819', 4925306631043441851154456)]",10,Optimism,op,0.0,24.68,24.68
1769644800,0x0af32614EEa68B8D2232B9592FbdB6512ab6DA73,24044022.33797051,0.2257258497803954,[],"[('0x74ccbe53F77b08632ce0CB91D3A545bF6B8E0979', 66297698288970765349), ('0x9560e827aF36c94D2Ac33a39bCE1Fe78631088Db', 845297515826800046194)]",10,Optimism,op,0.0,16.4,16.4
1769644800,0x814e2d6E8f7477329BB6C196111A08464ABE11DD,288483.92296480807,0.002708320759664501,[],"[('0x4200000000000000000000000000000000000006', 1485836066341865), ('0x74ccbe53F77b08632ce0CB91D3A545bF6B8E0979', 289570962887334306548)]",10,Optimism,op,0.0,8.3,8.3
1769644800,0xa8E4fA96327C5a93e159Bd781F3CCfD860519d82,869355.4339176591,0.008161610342124885,[],"[('0x4200000000000000000000000000000000000006', 4333749339179363), ('0x9a2e53158e12BC09270Af10C16A466cb2b5D7836', 2190904772401754131)]",10,Optimism,op,0.0,12.93,12.93
1769644800,0xB545592E38b603F4A904a5260A6ffC538BfcB424,61080.9344421996,0.000573434945938723,[],"[('0x4200000000000000000000000000000000000006', 57145009760400)]",10,Optimism,op,0.0,0.16,0.16
1769644800,0x88391365c225973032275DB256b9D15F845D2C72,3886100.1992733586,0.03648316251270718,[],"[('0x4200000000000000000000000000000000000006', 1229356872016765), ('0xc3864f98f2a61A7cAeb95b039D031b4E2f55e0e9', 235054729158726682019)]",10,Optimism,op,0.0,8.4,8.4
1769644800,0xa80ad5C1f8C21b34b427EA432530aE7fF36e3926,1470950.8143964785,0.013809595067929382,[],"[('0x9560e827aF36c94D2Ac33a39bCE1Fe78631088Db', 205836071270759871316), ('0xc38464250F51123078BBd7eA574E185F6623d037', 32257450029457861292)]",10,Optimism,op,0.0,4.3,4.3
1769644800,0xDB1FE6DA83698885104DA02A6e0b3b65c0B0dE80,1320864.9998231668,0.012400557930580806,[],"[('0x395Ae52bB17aef68C2888d941736A71dC6d4e125', 42806054740158609300), ('0x4200000000000000000000000000000000000006', 859969754863685)]",10,Optimism,op,0.0,5.93,5.93
1769644800,0x4ffCFbF4c01746DAfc3fe0719Ab3A83814130f22,22951.138040483205,0.000215470102457004,[],"[('0x4200000000000000000000000000000000000006', 9969613694922), ('0xFdb794692724153d1488CcdBE0C56c252596735F', 64397075444252977)]",10,Optimism,op,0.0,0.06,0.06
1769644800,0xa08fB94A933eAEa787F8191a5a980C4403Dc015C,2129758.6428493336,0.01999462127646961,[],"[('0x9560e827aF36c94D2Ac33a39bCE1Fe78631088Db', 257617498687669900137), ('0xa50B23cDfB2eC7c590e84f403256f67cE6dffB84', 12648113911212474634387)]",10,Optimism,op,0.0,5.74,5.74
1769644800,0x6e57B9E54ea043a829584B22182ad22bF446926C,130375.86278740694,0.001224056691047974,[],"[('0x6c84a8f1c29108F47a79964b5Fe888D4f4D0dE40', 95627547361885)]",10,Optimism,op,0.0,8.07,8.07
1769644800,0xadBB23Bcc3C1B9810491897cb0690Cf645B858b1,33503.58729601139,0.000314622277182576,[],"[('0x4200000000000000000000000000000000000006', 493961980853840), ('0x6c84a8f1c29108F47a79964b5Fe888D4f4D0dE40', 17783410844641)]",10,Optimism,op,0.0,2.86,2.86
1769644800,0xe9b168fa9409EaFFa07679196c7568317baf80eD,32797.17387313844,0.000307909809498506,[],"[('0x2E3D870790dC77A83DD1d18184Acc7439A53f475', 443236920403664195), ('0x4200000000000000000000000000000000000042', 1529827307332705879)]",10,Optimism,op,0.0,0.85,0.85
1769644800,0x2fE304b407c7fAb2a3c10962F14dB751468a4f5b,67648.95253956411,0.000635108871569287,[],"[('0x4200000000000000000000000000000000000042', 7871037347293391634), ('0x6806411765Af15Bddd26f8f544A34cC40cb9838B', 737047250845560)]",10,Optimism,op,0.0,4.1,4.1
1769644800,0x477Fa18B063B7728409570D274f7a055e3da0D6E,99514.60286338274,0.000934273255631934,[],"[('0x2dAD3a13ef0C6366220f989157009e501e7938F8', 104985423434723756276), ('0x7F5c764cBc14f9669B88837ca1490cCa17c31607', 747370)]",10,Optimism,op,0.0,1.83,1.83
1769644800,0x439c8a3704bDF52fec25bc271D67BaA2Bd204104,25414.48113785634,0.000238598852325805,[],"[('0x2dAD3a13ef0C6366220f989157009e501e7938F8', 49098410463063657545), ('0x9560e827aF36c94D2Ac33a39bCE1Fe78631088Db', 23511435811375296006)]",10,Optimism,op,0.0,0.94,0.94
1769644800,0x92FB369363498d8bFEFc4EB705d8c91a51d22C45,65242.423422085434,0.000612523751226901,[],"[('0x9560e827aF36c94D2Ac33a39bCE1Fe78631088Db', 63187478655939260822), ('0xC26921B5b9ee80773774d36C84328ccb22c3a819', 790238060313134158091347)]",10,Optimism,op,0.0,5.11,5.11
1769644800,0xf3C45b45223Df6071a478851B9C17e0630fDf535,2218054.3807863304,0.020824042371249452,[],"[('0x1e925De1c68ef83bD98eE3E130eF14a50309C01B', 115583274615730851455), ('0x4200000000000000000000000000000000000006', 10327669891901317)]",10,Optimism,op,0.0,57.96,57.96
1769644800,0x2E931De1fcB2681Dc98601e0b513308DA9C5cEae,55494.754156241055,0.000521008466673369,[],"[('0x1F514A61bcde34F94Bc39731235690ab9da737F7', 67457823128733951927), ('0x7F5c764cBc14f9669B88837ca1490cCa17c31607', 3022976)]",10,Optimism,op,0.0,5.9,5.9
1769644800,0xF2D42c46528116362Aca448837A0236459B53C63,4270815.193197341,0.03963366587118635,[],"[('0x1F514A61bcde34F94Bc39731235690ab9da737F7', 427642550389412731009), ('0x4200000000000000000000000000000000000042', 73716254895136269751)]",10,Optimism,op,0.0,38.0,38.0
1769644800,0x7c9a7243F6A359781996822A141A28DC48AA258b,35572.09726498336,0.000333970469106733,[],"[('0x1F32b1c2345538c0c6f582fCB022739c4A194Ebb', 557639720809577), ('0xBC7B1Ff1c6989f006a1185318eD4E7b5796e66E1', 1097656977661102572)]",10,Optimism,op,0.0,3.92,3.92
1769644800,0xF6fFB55bFb4f149B725211E7eF1CC9F3A67c5b01,974037.6716350632,0.009144802897067664,[],"[('0x33bCa143d9b41322479E8d26072a00a352404721', 135894066355801409), ('0x4200000000000000000000000000000000000042', 917877718677006797)]",10,Optimism,op,0.0,0.28,0.28
1769644800,0xe148D6Ae042De77c1f9fe0d6c495EbfD7b705B4c,18818926.60673432,0.1735369299745248,[],"[('0x7F5c764cBc14f9669B88837ca1490cCa17c31607', 1259081), ('0x9dAbAE7274D28A45F0B65Bf8ED201A5731492ca0', 5296211366479141862)]",10,Optimism,op,0.0,6.52,6.52
1769644800,0x71aa84275c7704D96c9cb29aAB38AC37eC320e3c,574974.8142292867,0.005398180686460058,[],"[('0x74ccbe53F77b08632ce0CB91D3A545bF6B8E0979', 25197416135697111572), ('0xc38464250F51123078BBd7eA574E185F6623d037', 124050945090251927024)]",10,Optimism,op,0.0,2.46,2.46
1769644800,0xF4F2657AE744354bAcA871E56775e5083F7276Ab,88217.4288625955,0.00082801475968923,[],"[('0x0b2C639c533813f4Aa9D7837CAf62653d097Ff85', 6101366), ('0x4200000000000000000000000000000000000006', 2041264649819787)]",10,Optimism,op,0.0,11.7,11.7
1769644800,0x67F56Ac099F11aD5F65E2ec804f75F2cEa6ab8C5,423967.8601981449,0.003979391038756188,[],"[('0x0b2C639c533813f4Aa9D7837CAf62653d097Ff85', 21853930), ('0x4200000000000000000000000000000000000042', 74574678597879552556)]",10,Optimism,op,0.0,41.84,41.84
1769644800,0x36E3c209B373b861c185ecdBb8b2EbDD98587BDb,47233.02194006075,0.000443332341639784,[],"[('0x0b2C639c533813f4Aa9D7837CAf62653d097Ff85', 1207565), ('0x7F5c764cBc14f9669B88837ca1490cCa17c31607', 939923)]",10,Optimism,op,0.0,2.15,2.15
1769644800,0x69A9B0f791507C50B413d24aBB761acB5ac52728,24138183.089441434,0.22597087593002751,[],"[('0x259c1C2ED264402b5ed2f02bc7dC25A15C680c18', 15412606703705110670184), ('0x4200000000000000000000000000000000000006', 19879810848411737)]",10,Optimism,op,0.0,95.39,95.39
1769644800,0x4Bf95008601e5cd3ac393bE4025D0d70054B7e22,233786.31848205964,0.002194334212778563,[],"[('0x259c1C2ED264402b5ed2f02bc7dC25A15C680c18', 96340713116561198423), ('0xc38464250F51123078BBd7eA574E185F6623d037', 74648517876466395686)]",10,Optimism,op,0.0,1.51,1.51
1769644800,0x04E9e8dD950aBAA1838703B487e417199d3c1e60,39580.561976628094,0.000371607834435972,[],"[('0x6806411765Af15Bddd26f8f544A34cC40cb9838B', 45121978298225), ('0xc38464250F51123078BBd7eA574E185F6623d037', 11398598747368685443)]",10,Optimism,op,0.0,0.31,0.31
1769644800,0x686Fc12C001869F4f11f80FF149D8de3e04C78a0,675321.073071433,0.006340349630741441,[],"[('0x0b2C639c533813f4Aa9D7837CAf62653d097Ff85', 697466), ('0xa50B23cDfB2eC7c590e84f403256f67cE6dffB84', 32538104420039967876839)]",10,Optimism,op,0.0,3.37,3.37
1769644800,0xAE6c9B2A2777D0396cbE7E13Fc9ACEAC0D052e00,2499523.7597175958,0.02328210739209855,"[('0x676f784d19c7F1Ac6C6BeaeaaC78B02a73427852', 250000000000000000000000)]","[('0x676f784d19c7F1Ac6C6BeaeaaC78B02a73427852', 3198394171991733755019), ('0xc38464250F51123078BBd7eA574E185F6623d037', 286196998230235783016)]",10,Optimism,op,68.5,5.71,74.21
1769644800,0x0335dD21957F543eD0f79fA88628faa0c65F189d,87517.28300706088,0.000821668677498263,[],"[('0x1574564fCFd15BCCB3FE04E9818F61131eA74066', 2895268949345352055), ('0x4200000000000000000000000000000000000006', 2999992545288)]",10,Optimism,op,0.0,0.03,0.03
1769644800,0x6Ed6Df1C23C51cb7Cc67a348cC8d9E6108EA3BFE,10083356.668440575,0.09522628597979117,[],"[('0x4200000000000000000000000000000000000006', 70397392449092485), ('0xc55E93C62874D8100dBd2DfE307EDc1036ad5434', 1066654152077934887)]",10,Optimism,op,0.0,411.02,411.02
1769644800,0xbC26519f936A90E78fe2C9aA2A03CC208f041234,15083542.651781129,0.14157562069081508,[],"[('0x0b2C639c533813f4Aa9D7837CAf62653d097Ff85', 30489209), ('0x8c6f28f2F1A3C87F0f938b96d27520d9751ec8d9', 56506096205116175136)]",10,Optimism,op,0.0,71.49,71.49
1769644800,0xf8Bfd2C99409cfa2AbfB94448ab967288010399e,241.44989487549836,2.266272554259e-06,[],"[('0x1DB2466d9F5e10D7090E7152B68d62703a2245F0', 63807684590977823308)]",10,Optimism,op,0.0,0.02,0.02
1769644800,0xCa72114b86Ac6d7Ab8D583c0E94C9A7DE7540610,43233.06993650804,0.000405789863292346,[],"[('0x1F32b1c2345538c0c6f582fCB022739c4A194Ebb', 221065908424472), ('0x9560e827aF36c94D2Ac33a39bCE1Fe78631088Db', 110047171801546143012)]",10,Optimism,op,0.0,2.75,2.75
1769644800,0x8F0364Cd47Fb819953D9096Bda1ec8017829aAa2,105664.77511323249,0.000991780012638131,[],"[('0x1F32b1c2345538c0c6f582fCB022739c4A194Ebb', 1031886577361537), ('0x8700dAec35aF8Ff88c16BdF0418774CB3D7599B4', 9764372265306751773)]",10,Optimism,op,0.0,7.4,7.4
1769644800,0x894d6Ea97767EbeCEfE01c9410f6Bd67935AA952,505180.0578036917,0.0047417633617867,[],"[('0x0b2C639c533813f4Aa9D7837CAf62653d097Ff85', 18762989), ('0x8700dAec35aF8Ff88c16BdF0418774CB3D7599B4', 46093046729169941644)]",10,Optimism,op,0.0,37.28,37.28
1769644800,0x0a8f0D4b3dE04AfADe29ca0C84743177c4BcEbb6,62004.678927451474,0.00058198781277067,[],"[('0x3Eb398fEc5F7327C6b15099a9681d9568ded2e82', 172960562844764986184), ('0x4200000000000000000000000000000000000006', 16374599182459)]",10,Optimism,op,0.0,0.31,0.31
1769644800,0xa0A215dE234276CAc1b844fD58901351a50fec8A,26152597.18527989,0.24710023175303478,[],"[('0x0b2C639c533813f4Aa9D7837CAf62653d097Ff85', 638886591), ('0x9560e827aF36c94D2Ac33a39bCE1Fe78631088Db', 43380940864265116279153)]",10,Optimism,op,0.0,1430.97,1430.97
1769644800,0x8E0175af4a695958E665E71964A8CfEC00085215,265008.5373982483,0.002487420977155927,[],"[('0x4200000000000000000000000000000000000042', 4047852146569802153), ('0xc5b001DC33727F8F26880B184090D3E252470D45', 1150669997615887204)]",10,Optimism,op,0.0,2.17,2.17
1769644800,0xE25F3642Bd1FCeD37D35D0b38019B2A2F58ca1dc,17777.195850880806,0.000166860171029276,[],[],10,Optimism,op,0.0,0.0,0.0
1769644800,0x707ba27189e8Bf89e43b2198E6b88AAC4720124f,15809649.976160826,0.14793052182105046,[],"[('0x0b2C639c533813f4Aa9D7837CAf62653d097Ff85', 29098299), ('0x1F514A61bcde34F94Bc39731235690ab9da737F7', 1287415179175822028921)]",10,Optimism,op,0.0,84.0,84.0
1769644800,0x605cCE502dEe6BD201b493782e351e645D44abBB,26304.988416733926,0.000246906934367652,[],"[('0x0b2C639c533813f4Aa9D7837CAf62653d097Ff85', 1034042), ('0xc5b001DC33727F8F26880B184090D3E252470D45', 926531553409755500)]",10,Optimism,op,0.0,1.91,1.91
1769644800,0x2F748Ee75538CcEe11Ec5F523084E810023D8c21,176359.12320964574,0.001655362464701183,[],"[('0x0b2C639c533813f4Aa9D7837CAf62653d097Ff85', 7150319), ('0xbfD291DA8A403DAAF7e5E9DC1ec0aCEaCd4848B9', 9146628968850795699)]",10,Optimism,op,0.0,15.47,15.47
1769644800,0xf117719d5460ED6090814213433cB8D4e07bd583,1085751.2372097755,0.01019120423922379,[],"[('0x0b2C639c533813f4Aa9D7837CAf62653d097Ff85', 8350865), ('0x2dAD3a13ef0C6366220f989157009e501e7938F8', 1048023395069833277825)]",10,Optimism,op,0.0,19.15,19.15
1769644800,0xA56a25Dee5B3199A9198Bbd48715EE3D0ed98378,117417.77471359004,0.001102120340656047,[],"[('0x0b2C639c533813f4Aa9D7837CAf62653d097Ff85', 4349842), ('0x8aE125E8653821E851F12A49F7765db9a9ce7384', 2814210274296541529)]",10,Optimism,op,0.0,6.89,6.89
1769644800,0x38133C2775Ed3F8C698d5741a24bA833f8724e7A,2756793.666279279,0.025876478878902254,[],"[('0x0b2C639c533813f4Aa9D7837CAf62653d097Ff85', 36954050), ('0x1F32b1c2345538c0c6f582fCB022739c4A194Ebb', 9983016919698957)]",10,Optimism,op,0.0,70.53,70.53
1769644800,0xE896AC7E63E321ead1DF79160e2C44061EFD66B2,178144.51242317856,0.001672142811954547,[],"[('0x66E535e8D2ebf13F49F3D49e5c50395a97C137b1', 8343045801447144)]",10,Optimism,op,0.0,0.0,0.0
1769644800,0x4F3da11c5caDf644ae023Dbad01008a934C993E2,94802.13733292787,0.000889854592448044,[],"[('0x0b2C639c533813f4Aa9D7837CAf62653d097Ff85', 3859445), ('0xc40F949F8a4e094D1b49a23ea9241D289B7b2819', 3244680513909493602)]",10,Optimism,op,0.0,7.1,7.1
1769644800,0x112d7a717a617C25a91b1C261708CCe6831474B4,0.0,0.0,[],[],10,Optimism,op,0.0,0.0,0.0
1769644800,0xe07388b2a7bb29d3Ad8989e1074Bd00Bd0d3C43d,19206276.157733414,0.17704124236225247,[],"[('0x0b2C639c533813f4Aa9D7837CAf62653d097Ff85', 8155835), ('0x9dAbAE7274D28A45F0B65Bf8ED201A5731492ca0', 9792554457258975469)]",10,Optimism,op,0.0,17.89,17.89
1769644800,0x124D69DaeDA338b1b31fFC8e429e39c9A991164e,27904912.994716015,0.26245923435787133,[],"[('0x0b2C639c533813f4Aa9D7837CAf62653d097Ff85', 99157944), ('0xCB8FA9a76b8e203D8C3797bF438d8FB81Ea3326A', 96888109398451150960)]",10,Optimism,op,0.0,194.97,194.97
1769644800,0x1dE84E1324BaF5a9f3A49A48892fE90cE48456f1,390071.1672552535,0.002773217931001861,[],"[('0x0b2C639c533813f4Aa9D7837CAf62653d097Ff85', 44681235), ('0x296F55F8Fb28E498B858d0BcDA06D955B2Cb3f97', 248317448639911767931)]",10,Optimism,op,0.0,87.26,87.26
1769644800,0x3aEbE5B4b47A8a71CEb66CC0989Fc0c81b2c66cD,7385.791122836802,6.9326974493992e-05,[],"[('0x929B939f8524c3Be977af57A4A0aD3fb1E374b50', 77457763953448966793)]",10,Optimism,op,0.0,2.31,2.31
1769644800,0x588f26d5BefE74dC61694a7B36227C0e0C52C0f9,142955.3390797183,0.001341855054026092,[],"[('0x10398AbC267496E49106B07dd6BE13364D10dC71', 272230790695912466), ('0xc40F949F8a4e094D1b49a23ea9241D289B7b2819', 352657279228783687)]",10,Optimism,op,0.0,0.71,0.71
1769644800,0xf4638dC488F9C826DC40250515592E678E447238,131736.59903921038,0.001236549976789588,[],"[('0x4200000000000000000000000000000000000042', 25615635500952909589), ('0xf467C7d5a4A9C4687fFc7986aC6aD5A4c81E1404', 5895063557254866279)]",10,Optimism,op,0.0,13.55,13.55
1769644800,0x67C253eB6C2e69F9E1114aEeAD0DB4FA8F417AC3,2996662.589881315,0.028128552338231753,[],"[('0x8aE125E8653821E851F12A49F7765db9a9ce7384', 137732723882420434), ('0xCB8FA9a76b8e203D8C3797bF438d8FB81Ea3326A', 32441878926003168148)]",10,Optimism,op,0.0,32.22,32.22
1769644800,0x30162a70b4E803742A69165a01E60648FCd02f3A,540143.4016733905,0.00507012434280172,[],"[('0xa211E25F7246950E0cCe054e3161C7c0b6379485', 69496837825880356218)]",10,Optimism,op,0.0,0.32,0.32
1769644800,0xe0B1dA86D17B884c4D246e218a67AE3466ad841c,1124556.9448199698,0.01067949843820457,[],"[('0x0b2C639c533813f4Aa9D7837CAf62653d097Ff85', 5349927), ('0x9e1028F5F1D5eDE59748FFceE5532509976840E0', 183205320083902340480)]",10,Optimism,op,0.0,11.28,11.28
1769644800,0xf2d3941b6E1cbD3616061E556Eb06986147715d1,1149123.985648892,0.010786397601981114,[],"[('0x10398AbC267496E49106B07dd6BE13364D10dC71', 2348947202837460806), ('0xf467C7d5a4A9C4687fFc7986aC6aD5A4c81E1404', 2642873537632374075)]",10,Optimism,op,0.0,6.06,6.06
1769644800,0xB84C932059A49e82C2c1bb96E29D59Ec921998Be,198206.86359812348,0.001840772366292474,[],"[('0x0a7B751FcDBBAA8BB988B9217ad5Fb5cfe7bf7A0', 61385824758155907800), ('0x0b2C639c533813f4Aa9D7837CAf62653d097Ff85', 962038)]",10,Optimism,op,0.0,1.96,1.96
1769644800,0xC04754F8027aBBFe9EeA492C9cC78b66946a07D1,610088.2666625665,0.005637889261962261,[],"[('0x0a7B751FcDBBAA8BB988B9217ad5Fb5cfe7bf7A0', 94551303034429124605), ('0x9560e827aF36c94D2Ac33a39bCE1Fe78631088Db', 151228637357939766673)]",10,Optimism,op,0.0,4.3,4.3
1769644800,0x93e40C357C4Dc57b5d2B9198a94Da2bD1C2e89cA,135828.09881458667,0.001265111474381541,[],"[('0x0a7B751FcDBBAA8BB988B9217ad5Fb5cfe7bf7A0', 40912837419614043730)]",10,Optimism,op,0.0,0.66,0.66
1769644800,0x6da87897bB36D0E2bC4E69c407935bcC7FA9D9c9,14052.717454565125,0.000131909354416325,[],"[('0x4200000000000000000000000000000000000006', 19494955072374), ('0xAF9fE3B5cCDAe78188B1F8b9a49Da7ae9510F151', 1440873227779820032)]",10,Optimism,op,0.0,0.28,0.28
1769644800,0xd0F92F5d756Bf223574DFa3ef284a35C3c046289,27419.769751043943,0.000257385094701537,[],"[('0x4200000000000000000000000000000000000006', 383140968351779), ('0x5A7fACB970D094B6C7FF1df0eA68D99E6e73CBFF', 351184440477513)]",10,Optimism,op,0.0,2.09,2.09
1769644800,0x79F1af622FE2C636a2d946F03A62D1DfC8cA6de4,258664.26806155228,0.002418167955994517,[],"[('0x0a7B751FcDBBAA8BB988B9217ad5Fb5cfe7bf7A0', 41999033504326565707), ('0x4200000000000000000000000000000000000042', 2368786202202605554)]",10,Optimism,op,0.0,1.32,1.32
1769644800,0x3D5cBC66C366a51975918a132B1809C34d5C6fa2,286770.833273301,0.002681999892383606,[],"[('0x0a7B751FcDBBAA8BB988B9217ad5Fb5cfe7bf7A0', 24743882685913942172), ('0xAF9fE3B5cCDAe78188B1F8b9a49Da7ae9510F151', 4531268970083033443)]",10,Optimism,op,0.0,1.12,1.12
1769644800,0xebEC066F1c9B0fC310045C1FBD451c6700c47ED9,111172.82365411284,0.001043561926458617,[],"[('0x1F32b1c2345538c0c6f582fCB022739c4A194Ebb', 699329914072443), ('0x74ccbe53F77b08632ce0CB91D3A545bF6B8E0979', 162798607285259831930)]",10,Optimism,op,0.0,4.73,4.73
1769644800,0x60c94FdF6C72FAd78C16a52C0C3fDc3C6504305D,266177.35763201787,0.002503225737050329,[],"[('0x4200000000000000000000000000000000000006', 2795817678705022), ('0xA88594D404727625A9437C3f886C7643872296AE', 2479339614001176031889)]",10,Optimism,op,0.0,21.36,21.36
1769644800,0xdAD7B4C48b5B0BE1159c674226BE19038814eBf6,616107.1517044733,0.005724119675169019,[],"[('0x0a7B751FcDBBAA8BB988B9217ad5Fb5cfe7bf7A0', 152691506142044241831), ('0x1F32b1c2345538c0c6f582fCB022739c4A194Ebb', 452934200684177)]",10,Optimism,op,0.0,4.0,4.0
1769644800,0x4B322314d6F7239F094f40d93e7d9C4A3081c625,265580.5296560854,0.002492987673846974,[],"[('0x0b2C639c533813f4Aa9D7837CAf62653d097Ff85', 935729), ('0xE974B9b31dBFf4369b94a1bAB5e228f35ed44125', 146120551609487071)]",10,Optimism,op,0.0,1.88,1.88
1769644800,0x03799d6A59624AbDd50f8774D360A64f4FBfdCF5,1338725.4274228765,0.012566531114131625,[],"[('0x300d2c875C6fb8Ce4bf5480B4d34b7c9ea8a33A4', 27505213818462), ('0x3E29D3A9316dAB217754d13b28646B76607c5f04', 41726908359112)]",10,Optimism,op,0.0,0.17,0.17
1769644800,0x1EaA860dca29a5124F665F7d80AffED92e877681,8851709.566602323,0.08309126359327848,[],"[('0x4200000000000000000000000000000000000006', 28248484968935752), ('0xedF38688b27036816A50185cAA430D5479e1C63e', 214612903820058818294)]",10,Optimism,op,0.0,127.26,127.26
1769644800,0x056B153132F105356d95CcF34a0065A28617DaC4,726331.6893622427,0.006818097385917178,[],"[('0x10398AbC267496E49106B07dd6BE13364D10dC71', 11432040104627913471), ('0x3E29D3A9316dAB217754d13b28646B76607c5f04', 5187015484076054)]",10,Optimism,op,0.0,28.57,28.57
1769644800,0x8828B7792499A7d86E931DF56E3D37C428d12d2b,2676945.4084439897,0.025128899402108645,[],"[('0x03569CC076654F82679C4BA2124D64774781B01D', 28868093188649905336), ('0x0b2C639c533813f4Aa9D7837CAf62653d097Ff85', 25891136)]",10,Optimism,op,0.0,54.75,54.75
1769644800,0xf2034BF7922620b721183a894a3449bad7Ee97b3,2040580.5598329706,0.019155244424557398,[],"[('0x03569CC076654F82679C4BA2124D64774781B01D', 5128159026011618599), ('0xc40F949F8a4e094D1b49a23ea9241D289B7b2819', 2248691797614128064)]",10,Optimism,op,0.0,7.38,7.38
1769644800,0x2408DC2B6CAD3af2Bd65474F0167a107b8b0Be0b,1927742.3167851858,0.018096014434541785,[],"[('0x10398AbC267496E49106B07dd6BE13364D10dC71', 3019820107246393193), ('0xCB8FA9a76b8e203D8C3797bF438d8FB81Ea3326A', 3983987752850120046)]",10,Optimism,op,0.0,7.88,7.88
1769644800,0x57aA579d518FEa862c7efdD3E63737892630E4A3,262926.0895319342,0.002468568638863662,[],"[('0x0b2C639c533813f4Aa9D7837CAf62653d097Ff85', 692204), ('0xdFA46478F9e5EA86d57387849598dbFB2e964b02', 20900908902613023145)]",10,Optimism,op,0.0,1.55,1.55
1769644800,0x0c327a0497cb08370D4879A3bEC0ea1109eaE584,303980.69572214497,0.002853513672295945,[],"[('0x10398AbC267496E49106B07dd6BE13364D10dC71', 16626356557368089646), ('0x1610e3c85dd44Af31eD7f33a63642012Dca0C5A5', 7183131444030246)]",10,Optimism,op,0.0,41.43,41.43
1769644800,0xdE85628bCBC392EFa5d44Cbfb6Ebf753318a2565,0.0,0.0,[],[],10,Optimism,op,0.0,0.0,0.0
1769644800,0x4DC22588Ade05C40338a9D95A6da9dCeE68Bcd60,49734403.63099805,0.46755838825561036,[],"[('0x4200000000000000000000000000000000000006', 652186379244250080), ('0x4200000000000000000000000000000000000042', 6357781750583749935962)]",10,Optimism,op,0.0,3494.32,3494.32
1769644800,0x478946BcD4a5a22b316470F5486fAfb928C0bA25,156642241.13019356,1.464459754989139,[],"[('0x0b2C639c533813f4Aa9D7837CAf62653d097Ff85', 7660178202), ('0x4200000000000000000000000000000000000006', 2628861366429270646)]",10,Optimism,op,0.0,14872.97,14872.97
1769644800,0xbF30Ff33CF9C6b0c48702Ff17891293b002DfeA4,3369451.1892718105,0.03162987180748355,[],"[('0x1F32b1c2345538c0c6f582fCB022739c4A194Ebb', 21673018249707474), ('0x4200000000000000000000000000000000000006', 38907611975010877)]",10,Optimism,op,0.0,179.71,179.71
1769644800,0x319C0DD36284ac24A6b2beE73929f699b9f48c38,14960422.331120698,0.14077891685541472,[],"[('0x4200000000000000000000000000000000000006', 251339952397692359), ('0x68f180fcCe6836688e9084f035309E29Bf0A2095', 861940)]",10,Optimism,op,0.0,1413.34,1413.34
1769644800,0xeBD5311beA1948e1441333976EadCFE5fBda777C,19516278.08536112,0.1848220684939894,[],"[('0x0b2C639c533813f4Aa9D7837CAf62653d097Ff85', 478264180), ('0x4200000000000000000000000000000000000042', 1737647225520669062350)]",10,Optimism,op,0.0,943.94,943.94
1769644800,0x7f40d48816711E31B71263f43a350bafa3D7a31a,43952.63721614257,0.000412598371950931,[],"[('0x0b2C639c533813f4Aa9D7837CAf62653d097Ff85', 3843808), ('0xdC6fF44d5d932Cbd77B52E5612Ba0529DC6226F1', 5444268388875651559)]",10,Optimism,op,0.0,6.43,6.43
1769644800,0xEE1baC98527a9fDd57fcCf967817215B083cE1F0,9545230.72710956,0.089604331101547,[],"[('0x0b2C639c533813f4Aa9D7837CAf62653d097Ff85', 250748503), ('0x1F32b1c2345538c0c6f582fCB022739c4A194Ebb', 70631628769146070)]",10,Optimism,op,0.0,488.34,488.34
1769644800,0x173cDC71e29d5Cffa6D090AD99f555a24B8831f9,39460503.685920395,0.3705485999208553,[],"[('0x0b2C639c533813f4Aa9D7837CAf62653d097Ff85', 979814624), ('0xc55E93C62874D8100dBd2DfE307EDc1036ad5434', 8064922679258460164)]",10,Optimism,op,0.0,2626.4,2626.4
1769644800,0x3A545744f5d0e9425e34741Afd9E388D5d0e6dfB,21.94409866141021,2.05996726364e-07,[],"[('0xdFA46478F9e5EA86d57387849598dbFB2e964b02', 344274878423274297)]",10,Optimism,op,0.0,0.01,0.01
1769644800,0x3C01ec09D15D5450FC702DC4353b17Cd2978d8a5,35803.0510016981,0.000336098766037748,[],"[('0x0b2C639c533813f4Aa9D7837CAf62653d097Ff85', 1147969), ('0x8c6f28f2F1A3C87F0f938b96d27520d9751ec8d9', 1540803595426157727)]",10,Optimism,op,0.0,2.27,2.27
1769644800,0xF25bbc18a607bBe218c87BA1fF0E673d9B53dd58,2347142.3333242373,0.021941138288810745,[],"[('0x0b2C639c533813f4Aa9D7837CAf62653d097Ff85', 53717756), ('0x8700dAec35aF8Ff88c16BdF0418774CB3D7599B4', 143830436101978003286)]",10,Optimism,op,0.0,111.49,111.49
1769644800,0x131525f3FA23d65DC2B1EB8B6483a28c43B06916,1633258.2626627274,0.015332103587369254,[],"[('0x2218a117083f5B482B0bB821d27056Ba9c04b1D3', 1267610368629762)]",10,Optimism,op,0.0,0.0,0.0
1769644800,0x84Ce89B4f6F67E523A81A82f9f2F14D84B726F6B,48308290.78217107,0.46340958885841105,[],"[('0x0b2C639c533813f4Aa9D7837CAf62653d097Ff85', 87731807), ('0x94b008aA00579c1307B0EF2c499aD98a8ce58e58', 106685605)]",10,Optimism,op,0.0,194.24,194.24
1769644800,0x2FA71491F8070FA644d97b4782dB5734854c0f6F,125594.01301699365,0.001179005465057668,[],"[('0x0b2C639c533813f4Aa9D7837CAf62653d097Ff85', 5621839), ('0x7F5c764cBc14f9669B88837ca1490cCa17c31607', 4343423)]",10,Optimism,op,0.0,9.96,9.96
1769644800,0xe5cF854f63152067059AFd38e03FEFb6CBE25Df3,532191.3994482039,0.00499612627716541,[],"[('0x1F32b1c2345538c0c6f582fCB022739c4A194Ebb', 3957979296626996), ('0x4200000000000000000000000000000000000042', 176522511565815094900)]",10,Optimism,op,0.0,60.64,60.64
1769644800,0xec3d9098BD40ec741676fc04D4bd26BCCF592aa3,8397769.253068391,0.07881575282561634,[],"[('0x4200000000000000000000000000000000000006', 138497626434192363), ('0x6c84a8f1c29108F47a79964b5Fe888D4f4D0dE40', 5337184844325003)]",10,Optimism,op,0.0,830.61,830.61
1769644800,0x1737275d53A5Ca5dAc582a493AA32C85ba2cFaD3,2372333.880837295,0.022271084524383717,[],"[('0x0b2C639c533813f4Aa9D7837CAf62653d097Ff85', 12642655), ('0xDA10009cBd5D07dd0CeCc66161FC93D7c9000da1', 12020737896942914471)]",10,Optimism,op,0.0,24.67,24.67
1769644800,0x522Dc96E6fD6F78A4E7433d0Ee05B7087e515236,50262.178909823546,0.0004718531585804,[],"[('0x4200000000000000000000000000000000000006', 18780660697465), ('0x920Cf626a271321C151D027030D5d08aF699456b', 12291999305505081)]",10,Optimism,op,0.0,0.13,0.13
1769644800,0x1D72B49f81832eF8155d8DeDfCE9cD122367e3B3,229044.5160429193,0.002150232653945842,[],"[('0x4200000000000000000000000000000000000006', 5107445584836892), ('0xDA10009cBd5D07dd0CeCc66161FC93D7c9000da1', 15085446067015220237)]",10,Optimism,op,0.0,29.11,29.11
1769644800,0x39eD27D101Aa4b7cE1cb4293B877954B8b5e14e5,18709973.55472044,0.17533689469175082,[],"[('0x4200000000000000000000000000000000000006', 220204295620885683), ('0x9560e827aF36c94D2Ac33a39bCE1Fe78631088Db', 41985989290093832375010)]",10,Optimism,op,0.0,1371.15,1371.15
1769644800,0x8949A8E02998d76D7a703cAC9eE7e0f529828011,1791872.534468444,0.01686270015831619,[],"[('0x6c84a8f1c29108F47a79964b5Fe888D4f4D0dE40', 257837233404616)]",10,Optimism,op,0.0,21.76,21.76
1769644800,0x4e5541815227E3272C405886149F45D2F437C7Ff,5234014.340637484,0.04659113549201959,[],"[('0x0b2C639c533813f4Aa9D7837CAf62653d097Ff85', 375340012), ('0xdC6fF44d5d932Cbd77B52E5612Ba0529DC6226F1', 682043785625385256237)]",10,Optimism,op,0.0,699.27,699.27
1769644800,0x9dA9D8dCdAC3Cab214d2bd241C3835B90aA8fFdE,6937.655771674223,0.0,[],[],10,Optimism,op,0.0,0.0,0.0
1769644800,0x995eB8f1A44824E58352E6F83d4d64801243468D,8999.961604003842,0.0,[],[],10,Optimism,op,0.0,0.0,0.0
1769644800,0xfd5F39c74E63f1dacE336350afDF11E85BBD56F4,578.5080721720576,0.0,[],[],10,Optimism,op,0.0,0.0,0.0
1769644800,0x7cfc2Da3ba598ef4De692905feDcA32565AB836E,13773491.117883785,0.12695932054261902,[],"[('0x0b2C639c533813f4Aa9D7837CAf62653d097Ff85', 671758173), ('0x9560e827aF36c94D2Ac33a39bCE1Fe78631088Db', 39957255060646839009321)]",10,Optimism,op,0.0,1401.3,1401.3
1769644800,0x844BdA8C554D3F14C2C068314b294A5b0Ed2E0dF,6863572.851846715,0.06443687606582439,[],"[('0x3E29D3A9316dAB217754d13b28646B76607c5f04', 25060562020246222), ('0xCB8FA9a76b8e203D8C3797bF438d8FB81Ea3326A', 72362119936151470744)]",10,Optimism,op,0.0,137.67,137.67
1769644800,0x84a67CD00EB244edCa2288346ADD251A783243c8,322948.4311546303,0.003033090504300105,[],"[('0x4200000000000000000000000000000000000006', 3899536469733030), ('0x4200000000000000000000000000000000000042', 38917724399196752421)]",10,Optimism,op,0.0,21.14,21.14
1769644800,0xf9e06512342997AB79694a077132cE3F380144cD,9106.087322103851,8.5490142362385e-05,[],"[('0x4200000000000000000000000000000000000006', 456638164910226), ('0x9Bcef72be871e61ED4fBbc7630889beE758eb81D', 352419735244286)]",10,Optimism,op,0.0,2.37,2.37
1769644800,0xF0AB9385894EA749BFA79BAFcd192d65a1571c2a,4036745.9042717125,0.03789957314250565,[],"[('0x1217BfE6c773EEC6cc4A38b5Dc45B92292B6E189', 122927422), ('0x4200000000000000000000000000000000000006', 41039810559664869)]",10,Optimism,op,0.0,235.37,235.37
1769644800,0x230c121F55538a05448a9EEB8A510E7e0af39ee9,207782.63905204044,0.001950797378195742,[],"[('0x9560e827aF36c94D2Ac33a39bCE1Fe78631088Db', 26042216574069111369), ('0xc38464250F51123078BBd7eA574E185F6623d037', 8237826329648739888)]",10,Optimism,op,0.0,0.61,0.61
1769644800,0x22BE4975c78B77979014d6A6Bc0140e0eaF21987,2306714.678344121,0.021656924598172565,[],"[('0x1217BfE6c773EEC6cc4A38b5Dc45B92292B6E189', 94907441), ('0x4200000000000000000000000000000000000042', 315273658437675902683)]",10,Optimism,op,0.0,179.27,179.27
1769644800,0xF065faE2bdDEac3C2e4a3Ce7F3BABC1C228e1134,46854.36352615835,0.00043989897298863,[],"[('0xc38464250F51123078BBd7eA574E185F6623d037', 4062322156431774677)]",10,Optimism,op,0.0,0.07,0.07
1769644800,0x4DA46c6AFe7322b66EFEfda1f702605Cbe08E0Bd,227038.98919894465,0.00213158840843572,[],"[('0x01bFF41798a0BcF287b996046Ca68b395DbC1071', 21695587), ('0x94b008aA00579c1307B0EF2c499aD98a8ce58e58', 22391482)]",10,Optimism,op,0.0,44.03,44.03
1769644800,0xa9F987869bfe56D3a2Ece2e79df55684D0bBCd8b,1477534.1179864071,0.013872180568415432,[],"[('0x01bFF41798a0BcF287b996046Ca68b395DbC1071', 106087209), ('0x4200000000000000000000000000000000000006', 36009120719216445)]",10,Optimism,op,0.0,204.78,204.78
1769644800,0xf7f575F2c0f6C99fa9EfE1bDE9E11fA10BE4FEF9,1901310.340574506,0.017850904449495518,[],"[('0x01bFF41798a0BcF287b996046Ca68b395DbC1071', 60467539), ('0x0b2C639c533813f4Aa9D7837CAf62653d097Ff85', 53844459)]",10,Optimism,op,0.0,114.22,114.22
1769644800,0x5483484F876218908CA435F08222751F7f7b2a3b,1735015.5713706973,0.016289768105746012,[],"[('0x0b2C639c533813f4Aa9D7837CAf62653d097Ff85', 33572191), ('0x1217BfE6c773EEC6cc4A38b5Dc45B92292B6E189', 35580136)]",10,Optimism,op,0.0,69.09,69.09
1769644800,0x6CfdEBcC8Bf2548967D4e02c058290634E4931d1,6695303.310888161,0.06227457679856401,[],"[('0x4200000000000000000000000000000000000006', 115781104381929364), ('0x94b008aA00579c1307B0EF2c499aD98a8ce58e58', 340876368)]",10,Optimism,op,0.0,658.17,658.17
1769644800,0xCF50DEA65EE80eBDDAA61005a960ef5A5c995A99,15822580.026142677,0.14854914277172576,[],"[('0x0b2C639c533813f4Aa9D7837CAf62653d097Ff85', 667991665), ('0x68f180fcCe6836688e9084f035309E29Bf0A2095', 771017)]",10,Optimism,op,0.0,1315.0,1315.0
1769644800,0x01Ade1681E98F42a780720058178f2e93ed20856,13214.100097905157,0.000124038282870909,[],"[('0x4200000000000000000000000000000000000006', 300754803010101), ('0x8700dAec35aF8Ff88c16BdF0418774CB3D7599B4', 2432532779793119545)]",10,Optimism,op,0.0,1.8,1.8
1769644800,0xc7dae96463a2B8E545891FEfB52ACeE7d7FE2432,0.0,0.0,[],[],10,Optimism,op,0.0,0.0,0.0
1769644800,0x065ad3cDE26eD6386b8dAd539c1844Bd4599BE34,0.0,0.0,[],[],10,Optimism,op,0.0,0.0,0.0
1769644800,0x723AEf6543aecE026a15662Be4D3fb3424D502A9,21560.287346673755,0.000144287633721002,[],"[('0x236aa50979D5f3De3Bd1Eeb40E81137F22ab794b', 114507165838571), ('0xd9aAEc86B65D86f6A7B5B1b0c42FFA531710b6CA', 9835036)]",8453,Base,base,0.0,19.49,19.49
1769644800,0x2722C8f9B5E2aC72D1f225f8e8c990E449ba0078,13633.877730445969,9.1241824588715e-05,[],"[('0x236aa50979D5f3De3Bd1Eeb40E81137F22ab794b', 150673028048896), ('0x4200000000000000000000000000000000000006', 4131986742437582)]",8453,Base,base,0.0,24.09,24.09
1769644800,0x0B25c51637c43decd6CC1C1e3da4518D54ddb528,3169.3131007108486,2.1209953303014e-05,[],"[('0x4621b7A9c75199271F773Ebd9A499dbd165c3191', 73155607344506215)]",8453,Base,base,0.0,0.07,0.07
1769644800,0x2d25E0514f23c6367687dE89Bd5167dc754D4934,329634.7957712445,0.002201892156658797,[],"[('0x4200000000000000000000000000000000000006', 7180153935678067), ('0xF544251D25f3d243A36B07e7E7962a678f952691', 1150705149569059796279)]",8453,Base,base,0.0,69.09,69.09
1769644800,0x75D18ee68bB93BE5cB2dcCFa0d8151E25CBC8Eb8,72647.47387911269,0.000486182578617346,[],"[('0x4200000000000000000000000000000000000006', 1176399806615573), ('0xc5102fE9359FD9a28f877a67E36B0F050d81a3CC', 2294564766980692574284)]",8453,Base,base,0.0,5.84,5.84
1769644800,0x9e4CB8b916289864321661CE02cf66aa5BA63C94,1045534.2524407969,0.006997084850194718,[],"[('0x4200000000000000000000000000000000000006', 3686041255598399), ('0xDE5ed76E7c05eC5e4572CfC88d1ACEA165109E44', 2381191322969166906)]",8453,Base,base,0.0,18.71,18.71
1769644800,0x2223F9FE624F69Da4D8256A7bCc9104FBA7F8f75,228543.95724231223,0.001526248859229883,[],"[('0x940181a94A35A4569E4529A3CDfB74e38FD98631', 427313552005525581569), ('0xd9aAEc86B65D86f6A7B5B1b0c42FFA531710b6CA', 175851322)]",8453,Base,base,0.0,360.18,360.18
1769644800,0x7f670f78B17dEC44d5Ef68a48740b6f8849cc2e6,1898794.627088019,0.012623688933314867,[],"[('0x4200000000000000000000000000000000000006', 422118423356341158), ('0x940181a94A35A4569E4529A3CDfB74e38FD98631', 3473038919984817291581)]",8453,Base,base,0.0,2662.18,2662.18
1769644800,0xB4885Bc63399BF5518b994c1d0C153334Ee579D0,109896.49555918199,0.000735476285703897,[],"[('0x4200000000000000000000000000000000000006', 34973802791591776), ('0xd9aAEc86B65D86f6A7B5B1b0c42FFA531710b6CA', 105037303)]",8453,Base,base,0.0,201.28,201.28
1769644800,0x44Ecc644449fC3a9858d2007CaA8CFAa4C561f91,3031.2507551931644,1.840614928384e-05,[],"[('0x2Ae3F1Ec7F1F5012CFEab0185bfc7aa3cf0DEc22', 5216694130938650), ('0x4200000000000000000000000000000000000006', 5763183802901891)]",8453,Base,base,0.0,31.97,31.97
1769644800,0x3Fc28BFac25fC8e93B5b2fc15EfBBD5a8aA44eFe,366492.7713702756,0.002852338742649966,[],"[('0x9483ab65847A447e36d21af1CaB8C87e9712ff93', 625107619932), ('0xd9aAEc86B65D86f6A7B5B1b0c42FFA531710b6CA', 94620492)]",8453,Base,base,0.0,94.54,94.54
1769644800,0x4F9Dc2229f2357B27C22db56cB39582c854Ad6d5,121148.24928680164,0.000827329546744338,[],"[('0x4200000000000000000000000000000000000006', 17786662183719988), ('0x74ccbe53F77b08632ce0CB91D3A545bF6B8E0979', 4638864679084013998862)]",8453,Base,base,0.0,119.34,119.34
1769644800,0xffA3F8737C39e36dec4300B162c2153c67c8352f,10278.171853853106,6.8786069665896e-05,[],"[('0x4200000000000000000000000000000000000006', 310166692730295), ('0xFF8adeC2221f9f4D8dfbAFa6B9a297d17603493D', 687791786411712031475)]",8453,Base,base,0.0,4.54,4.54
1769644800,0x3f386Acc3A8E9194cF6279C219DF8DD3C5B71974,4994.95194852352,3.3428758193167e-05,[],"[('0x4200000000000000000000000000000000000006', 38947121821753), ('0xf34e0cff046e154CAfCae502C7541b9E5FD8C249', 330520626953068814)]",8453,Base,base,0.0,0.18,0.18
1769644800,0x84Ff3B6e2046579Fb2f2b891CE18eE10b5fbDbF2,458662.653324997,0.003069603689535068,[],"[('0x2dAD3a13ef0C6366220f989157009e501e7938F8', 4991967867480575998882), ('0x4200000000000000000000000000000000000006', 9337279288981479)]",8453,Base,base,0.0,77.37,77.37
1769644800,0xbBf71AAD6E1F8D180D3B1D898528654c1d18b2fF,11389060.909086281,0.07622994379029353,[],"[('0x74ccbe53F77b08632ce0CB91D3A545bF6B8E0979', 7906780005717997477186), ('0x940181a94A35A4569E4529A3CDfB74e38FD98631', 266405826911292931716)]",8453,Base,base,0.0,234.91,234.91
1769644800,0x688F778C51dB4D990bF1abaF8d33fD95e48C6641,15871.924760598842,0.000106343467794292,[],"[('0x2dAD3a13ef0C6366220f989157009e501e7938F8', 1012019130895830603824), ('0x940181a94A35A4569E4529A3CDfB74e38FD98631', 12895440322000607659)]",8453,Base,base,0.0,16.04,16.04
1769644800,0x8E9154AC849e839d60299E85156bcb589De2693A,557.7272550892724,3.732594375332e-06,[],"[('0x4621b7A9c75199271F773Ebd9A499dbd165c3191', 64642959370362)]",8453,Base,base,0.0,0.0,0.0
1769644800,0x27a8Afa3Bd49406e48a074350fB7b2020c43B2bD,2071.625726012163,1.3864510262541e-05,[],"[('0x833589fCD6eDb6E08f4c7C32D4f71b54bdA02913', 1069550), ('0xd9aAEc86B65D86f6A7B5B1b0c42FFA531710b6CA', 729717)]",8453,Base,base,0.0,1.8,1.8
1769644800,0xcDAC0d6c6C59727a65F871236188350531885C43,6547574.019701207,0.04347482831312118,"[('0x940181a94A35A4569E4529A3CDfB74e38FD98631', 3000000000000000000)]","[('0x4200000000000000000000000000000000000006', 2016518286429723135), ('0x833589fCD6eDb6E08f4c7C32D4f71b54bdA02913', 6051486816)]",8453,Base,base,1.3,11604.67,11605.97
1769644800,0x6cDcb1C4A4D1C3C6d054b27AC5B77e89eAFb971d,52792955.35831226,0.35331577145612325,"[('0x833589fCD6eDb6E08f4c7C32D4f71b54bdA02913', 2000000), ('0x940181a94A35A4569E4529A3CDfB74e38FD98631', 1500000000000000000000)]","[('0x833589fCD6eDb6E08f4c7C32D4f71b54bdA02913', 23299354123), ('0x940181a94A35A4569E4529A3CDfB74e38FD98631', 51445734629295453539398)]",8453,Base,base,649.6,45504.41,46154.01
1769644800,0x67b00B46FA4f4F24c03855c5C8013C0B938B3eEc,84.47873055837901,8.93151936224e-07,[],"[('0x50c5725949A6F0c72E6C4a641F24049A917DB0Cb', 11542778224968019)]",8453,Base,base,0.0,0.01,0.01
1769644800,0x61366A4e6b1DB1b85DD701f2f4BFa275EF271197,98053.97113699392,0.000435770775620313,[],"[('0xA3d1a8DEB97B111454B294E2324EfAD13a9d8396', 430191140641358423177), ('0xB79DD08EA68A908A97220C76d19A6aA9cBDE4376', 448217243)]",8453,Base,base,0.0,1095.39,1095.39
1769644800,0x9E8bfEB5c73F3f897BebdB49CC4161FecE0B0c55,51.20170227659388,3.42675758865e-07,[],"[('0x2Ae3F1Ec7F1F5012CFEab0185bfc7aa3cf0DEc22', 243519877454328), ('0x4200000000000000000000000000000000000006', 272565760492087)]",8453,Base,base,0.0,1.5,1.5
1769644800,0x7810F8f3253ced11e8c56C6C8497f3134055D44C,379527.88688797015,0.002528004880137573,[],"[('0x940181a94A35A4569E4529A3CDfB74e38FD98631', 168926750606369023183), ('0xF544251D25f3d243A36B07e7E7962a678f952691', 1689461656230661866189)]",8453,Base,base,0.0,145.33,145.33
1769644800,0x323121CD6F6274c9aeB9f87e0664C8FDa5d343A5,3709.2086617946134,2.4824485055321e-05,[],"[('0x236aa50979D5f3De3Bd1Eeb40E81137F22ab794b', 47282622828208), ('0x833589fCD6eDb6E08f4c7C32D4f71b54bdA02913', 4065909)]",8453,Base,base,0.0,8.05,8.05
1769644800,0xeff0891e5a1bd47a8F1e77ABebfEE4145974D088,109910.23958689814,0.000735592237814861,[],"[('0x4200000000000000000000000000000000000006', 76346001972860), ('0x777b2839832982B35213063d850848369390EE16', 118446016934806508927)]",8453,Base,base,0.0,1.1,1.1
1769644800,0x2a1463CeBE85315224c536AfD389b381B43F3206,2230875.3221909413,0.014963750995148866,[],"[('0x833589fCD6eDb6E08f4c7C32D4f71b54bdA02913', 39279949), ('0xbf1aeA8670D2528E08334083616dD9C5F3B087aE', 10804420809943320161)]",8453,Base,base,0.0,50.07,50.07
1769644800,0xb5E331615FdbA7DF49e05CdEACEb14Acdd5091c3,5419.597104112673,3.6267940775118e-05,[],"[('0xCc7FF230365bD730eE4B352cC2492CEdAC49383e', 150515951698648946), ('0xCfA3Ef56d303AE4fAabA0592388F19d7C3399FB4', 88017008098624454)]",8453,Base,base,0.0,0.25,0.25
1769644800,0xA6385c73961dd9C58db2EF0c4EB98cE4B60651e8,4967.246373523256,3.3261691249166e-05,[],"[('0x4200000000000000000000000000000000000006', 726030829588804), ('0xc1CBa3fCea344f92D9239c08C0568f6F2F0ee452', 1034067692379526)]",8453,Base,base,0.0,5.49,5.49
1769644800,0x82a0c1a0d4EF0c0cA3cFDA3AD1AA78309Cc6139b,77013.82237425394,0.000514978721768025,[],"[('0x940181a94A35A4569E4529A3CDfB74e38FD98631', 159474816150725532120), ('0xc1CBa3fCea344f92D9239c08C0568f6F2F0ee452', 15828253993703359)]",8453,Base,base,0.0,122.2,122.2
1769644800,0x3548029694fbB241D45FB24Ba0cd9c9d4E745f16,73024.78143123352,0.000488477250658143,[],"[('0x4200000000000000000000000000000000000006', 25799397482993011), ('0x833589fCD6eDb6E08f4c7C32D4f71b54bdA02913', 76739415)]",8453,Base,base,0.0,147.79,147.79
1769644800,0xB0d931138BF96501654f2268Cdd84420151fF52e,396998.24513871054,0.002656712033370815,[],"[('0x1C7a460413dD4e964f96D8dFC56E7223cE88CD85', 218577259559348305085), ('0x833589fCD6eDb6E08f4c7C32D4f71b54bdA02913', 27566763)]",8453,Base,base,0.0,57.51,57.51
1769644800,0x42e8dC1b1891C103291Ec01D903451E729DaAACc,234.80855412461295,1.57135430126e-06,[],"[('0x1C7a460413dD4e964f96D8dFC56E7223cE88CD85', 1031062481610981306)]",8453,Base,base,0.0,0.14,0.14
1769644800,0xf213F2D02837012dC0236cC105061e121bB03e37,28709.698610178402,0.000192127193011378,[],"[('0x4621b7A9c75199271F773Ebd9A499dbd165c3191', 961861380473519060)]",8453,Base,base,0.0,0.96,0.96
1769644800,0x7A034374C89C463DD65D8C9BCfe63BcBCED41f4F,310999.7822410793,0.002081231015359732,[],"[('0x833589fCD6eDb6E08f4c7C32D4f71b54bdA02913', 13353609), ('0xCfA3Ef56d303AE4fAabA0592388F19d7C3399FB4', 13283865317244600972)]",8453,Base,base,0.0,26.56,26.56
1769644800,0x418457Ca08fA5EC77f811B105F2c585cd051Ac10,1490.4296376075501,9.974053247392e-06,[],"[('0x833589fCD6eDb6E08f4c7C32D4f71b54bdA02913', 993064), ('0xB79DD08EA68A908A97220C76d19A6aA9cBDE4376', 1002857)]",8453,Base,base,0.0,2.0,2.0
1769644800,0xcC79bfA7a3212d94390c358E88afcD39294549ca,9173.383215766917,6.1394975250831e-05,[],"[('0x22e6966B799c4D5B13BE962E1D117b56327FDa66', 2846815406331086395), ('0x833589fCD6eDb6E08f4c7C32D4f71b54bdA02913', 1135804)]",8453,Base,base,0.0,2.29,2.29
1769644800,0x29BBb5F85F01702Ec85D217CEEb2d9657700cF04,7.057150461873478,6.2433970296e-08,[],"[('0x4200000000000000000000000000000000000006', 7086562312636), ('0xc1CBa3fCea344f92D9239c08C0568f6F2F0ee452', 5389115262425)]",8453,Base,base,0.0,0.04,0.04
1769644800,0xf185f82A1948d014baE23d30b06FA8Da35110315,98007.7634093651,0.000655939479184208,[],"[('0x833589fCD6eDb6E08f4c7C32D4f71b54bdA02913', 2175477), ('0xDE5ed76E7c05eC5e4572CfC88d1ACEA165109E44', 681938500880419862)]",8453,Base,base,0.0,4.63,4.63
1769644800,0x2C4909355b0C036840819484c3A882A95659aBf3,27576.260422836447,0.00018468666101127,[],"[('0x4200000000000000000000000000000000000006', 5108287069150080), ('0x4ed4E862860beD51a9570b96d89aF5E1B0Efefed', 18340060624826799292715)]",8453,Base,base,0.0,31.11,31.11
1769644800,0x20000FbfeDFD172821821C9c59284129B04ffB2e,175421.18836794098,0.001170856577349881,[],"[('0x0d97F261b1e88845184f678e2d1e7a98D9FD38dE', 3450890925964561515752718), ('0x4200000000000000000000000000000000000006', 14861143745176270)]",8453,Base,base,0.0,85.8,85.8
1769644800,0x5E14319D52c9C18a04BFBBE12dd3a0FE3C1A816a,70478.26770189159,0.000489503944611309,[],"[('0x4200000000000000000000000000000000000006', 6714045886328538), ('0xB166E8B140D35D9D8226E40C09f757BAC5A4d87d', 4189956044708964233975)]",8453,Base,base,0.0,45.87,45.87
1769644800,0x9D933f0AF9dc01A6f9e5D2e6dcB25B6D0837EA81,7425.269423976803,4.9695815049447e-05,[],"[('0x373504DA48418C67E6FCD071F33Cb0b3B47613C7', 18298277405227752812733236), ('0x4200000000000000000000000000000000000006', 596829973970400)]",8453,Base,base,0.0,4.1,4.1
1769644800,0x1a9f461a371559f82976fa18C46A6A0d29f131d0,40917.67858612397,0.000273853684110456,[],"[('0x4200000000000000000000000000000000000006', 1184875621377773), ('0x78b3C724A2F663D11373C4a1978689271895256f', 3232215178577745929233)]",8453,Base,base,0.0,8.04,8.04
1769644800,0x45D8c7BF5be7c99D39cDC724f60497BD79546458,8018.251708914196,0.000192617366352056,[],"[('0xD1dB4851bcF5B41442cAA32025Ce0Afe6B8EabC2', 210863673127627626)]",8453,Base,base,0.0,0.49,0.49
1769644800,0xF91E0Dfe1265B914182De54E08C9CA2068bedDDE,2096776.2941582596,0.01397618976460274,[],"[('0x4200000000000000000000000000000000000006', 27923565770851250), ('0x93dc5Cb35627A759848c7A7F0079EA7b49E435a5', 125347284362107631212)]",8453,Base,base,0.0,136.4,136.4
1769644800,0xa01fd0F24a2E6fEf6b2ed7573Cb6F59164D396E0,34674.51527762,0.000232364369454305,[],"[('0x4200000000000000000000000000000000000006', 6352748797418267), ('0xAfb89a09D82FBDE58f18Ac6437B3fC81724e4dF6', 42767025055882621008527)]",8453,Base,base,0.0,43.33,43.33
1769644800,0x688b0380360C84135769D4F75d70038119846a8E,10087.988666434137,6.7517522204421e-05,[],"[('0x54BC229d1cB15F8B6415EfEab4290a40bc8b7D84', 1206251583253434919)]",8453,Base,base,0.0,0.19,0.19
1769644800,0xCaedc2561356B6a01a94E3C0438011459E91FBb9,2532.28906416312,1.6965002930203e-05,[],"[('0x4200000000000000000000000000000000000006', 854208868322520), ('0x7F62ac1e974D65Fab4A81821CA6AF659A5F46298', 1269075371394863249114)]",8453,Base,base,0.0,3.53,3.53
1769644800,0xDab27FB1923FC017e941D837040add59b9aFF9fD,21821.991315896066,0.000146051589859373,[],"[('0x373504DA48418C67E6FCD071F33Cb0b3B47613C7', 1777880506763457932691978), ('0x940181a94A35A4569E4529A3CDfB74e38FD98631', 898081767898702036)]",8453,Base,base,0.0,0.63,0.63
1769644800,0x6B87B8663eE63191887F18225F79D9eEb2DE0d34,308263.55236371775,0.002063186076123536,[],"[('0x4200000000000000000000000000000000000006', 20936832571838), ('0xCb327b99fF831bF8223cCEd12B1338FF3aA322Ff', 12075512816714)]",8453,Base,base,0.0,0.09,0.09
1769644800,0x2F48C208d7Bd2b4Ff6Da005A9427eF38F035b2d8,38056.82760027315,0.000254711645941437,[],"[('0x548f93779fBC992010C07467cBaf329DD5F059B7', 49307320824246492435), ('0x833589fCD6eDb6E08f4c7C32D4f71b54bdA02913', 32243380)]",8453,Base,base,0.0,59.57,59.57
1769644800,0x139E9f235588A9720e7Eab045da29dC781c4b658,213555.8548898546,0.001444621765915221,[],"[('0x4200000000000000000000000000000000000006', 69488495928857379), ('0x6921B130D297cc43754afba22e5EAc0FBf8Db75b', 1455295956772044765183381)]",8453,Base,base,0.0,387.88,387.88
1769644800,0x4660Ff55A4Db144734AE76550Ee3093e0BA7F8D1,8296.008650223772,5.628991544856e-05,[],"[('0x940181a94A35A4569E4529A3CDfB74e38FD98631', 17812498692636885355), ('0xAC1Bd2486aAf3B5C0fc3Fd868558b082a531B2B4', 28401408262702647569289)]",8453,Base,base,0.0,14.65,14.65
1769644800,0xF45F6cDBcd0D2D4Bf4d9758b032a66A2cf4e55C8,8318.212172736512,5.6343055609544e-05,[],"[('0x833589fCD6eDb6E08f4c7C32D4f71b54bdA02913', 6706809), ('0xC19669A405067927865B40Ea045a2baabbbe57f5', 7082359010049651856)]",8453,Base,base,0.0,13.61,13.61
1769644800,0xe96a4E9EA3a2C6Db214174738a19Eb7Dbb8A3069,422065.36862633115,0.002841434859526765,[],"[('0x4200000000000000000000000000000000000006', 101521567429776318), ('0x50dA645f148798F68EF2d7dB7C1CB22A6819bb2C', 135970063807)]",8453,Base,base,0.0,740.25,740.25
1769644800,0xC90E88d30b99442B6994915F3b146cE3D55982D9,242529.54484788887,0.001612033157658682,[],"[('0x24fcFC492C1393274B6bcd568ac9e225BEc93584', 2365254791554484182281), ('0x4200000000000000000000000000000000000006', 40178079289754918)]",8453,Base,base,0.0,228.46,228.46
1769644800,0xAaCE080ea9CE5e7942Ea826d311b6170BdfCf73B,12432.388161032788,8.3209917158551e-05,[],"[('0x4200000000000000000000000000000000000006', 2078891574962211), ('0xf7C1CEfCf7E1dd8161e00099facD3E1Db9e528ee', 18620547902086886370197)]",8453,Base,base,0.0,13.12,13.12
1769644800,0x8f5F1D63599362115e7F9fe71BFD5ab883D82c82,442862.86502576753,0.002964075785691463,[],"[('0x4200000000000000000000000000000000000006', 173195967998162947), ('0x5B5dee44552546ECEA05EDeA01DCD7Be7aa6144A', 22942445193583740624908363)]",8453,Base,base,0.0,1096.53,1096.53
1769644800,0x1f019b4420936a800fF6f54c00d9da05445DE433,24623.493323301456,0.000164806563556806,[],"[('0x833589fCD6eDb6E08f4c7C32D4f71b54bdA02913', 8162219), ('0xc142171B138DB17a1B7Cb999C44526094a4dae05', 10657230544586504198)]",8453,Base,base,0.0,17.85,17.85
1769644800,0xFfa80952B3800240F11AD25E45e8d3E5C1593E70,1261.3342492651539,8.44218813263e-06,[],"[('0x532f27101965dd16442E59d40670FaF5eBB142E4', 109711174744470377063), ('0x940181a94A35A4569E4529A3CDfB74e38FD98631', 3123028341214057558)]",8453,Base,base,0.0,2.67,2.67
1769644800,0xBd1F3d188de7eE07B1b323C0D26D6720CAfB8780,70675.49777738239,0.000473035574069491,[],"[('0x74ccbe53F77b08632ce0CB91D3A545bF6B8E0979', 2143096847336649640990), ('0xc1CBa3fCea344f92D9239c08C0568f6F2F0ee452', 4758439509084461)]",8453,Base,base,0.0,48.54,48.54
1769644800,0xb8866732424AcDdd729C6fcf7146b19bFE4A2e36,235.1249367042661,1.573705741745e-06,[],"[('0x4200000000000000000000000000000000000006', 20012864699870), ('0xB6fe221Fe9EeF5aBa221c348bA20A1Bf5e73624c', 16978436473582)]",8453,Base,base,0.0,0.11,0.11
1769644800,0x89D0F320ac73dd7d9513FFC5bc58D1161452a657,411309.88904609,0.002831125435533994,[],"[('0x4200000000000000000000000000000000000006', 122697069320584224), ('0xA88594D404727625A9437C3f886C7643872296AE', 92593746295777345008374)]",8453,Base,base,0.0,836.97,836.97
1769644800,0x95F04B5594e2a944CA91d56933D119841eeF9a99,5372.54991941749,3.5959165653585e-05,[],"[('0xaB36452DbAC151bE02b16Ca17d8919826072f64a', 1541174520699307769180), ('0xCb327b99fF831bF8223cCEd12B1338FF3aA322Ff', 852415401278218)]",8453,Base,base,0.0,5.72,5.72
1769644800,0x862a9D8443BbF74CF86bC05aFC8e05c63319DC1e,124823.57751218214,0.000835460213224121,[],"[('0x4200000000000000000000000000000000000006', 33218979896835), ('0xD1917629B3E6A72E6772Aab5dBe58Eb7FA3C2F33', 695793774078770502023)]",8453,Base,base,0.0,11.19,11.19
1769644800,0xd88b9f7185f404015B665e070A5EF03a7e26661F,213786.57036113177,0.00143090093408782,[],"[('0x78b3C724A2F663D11373C4a1978689271895256f', 2987702490799065516619), ('0x940181a94A35A4569E4529A3CDfB74e38FD98631', 14541862723277828015)]",8453,Base,base,0.0,10.69,10.69
1769644800,0x06709C364dd4E2f5b0c10b1eBf80B2Ce483dbdC5,6002.471582809234,4.0226949914269e-05,[],"[('0x4200000000000000000000000000000000000006', 154630259950722), ('0xD3FDCb837DAfdb7C9C3eBD48FE22a53F6Dd3d7D7', 47681917863734638164)]",8453,Base,base,0.0,0.98,0.98
1769644800,0x4A311ac4563abc30E71D0631C88A6232C1309ac5,132056.4734673659,0.000884540226314357,[],"[('0x2Da56AcB9Ea78330f947bD57C54119Debda7AF71', 699181148252187189623266342), ('0x4200000000000000000000000000000000000006', 48859751674334043)]",8453,Base,base,0.0,287.78,287.78
1769644800,0x21594b992F68495dD28d605834b58889d0a727c7,8082755.868409437,0.054137951392050375,[],"[('0x0b3e328455c4059EEb9e3f84b5543F74E24e7E1b', 6168676957254209509300), ('0x4200000000000000000000000000000000000006', 1800397974288449359)]",8453,Base,base,0.0,9669.03,9669.03
1769644800,0xcEdF590857aE7Fbd4A342Ce9Ee9CA111570A1ca2,13349.28754826608,8.9349380202325e-05,[],"[('0x0578d8A44db98B23BF096A382e016e29a5Ce0ffe', 2797138761323378605075), ('0x4200000000000000000000000000000000000006', 497560743419030)]",8453,Base,base,0.0,3.13,3.13
1769644800,0x43BBb129b56A998732767725A183b7a566843dBA,24461.758306406467,0.000163728466747838,[],"[('0x532f27101965dd16442E59d40670FaF5eBB142E4', 1167497608175714193323), ('0x940181a94A35A4569E4529A3CDfB74e38FD98631', 32176067540982031524)]",8453,Base,base,0.0,27.99,27.99
1769644800,0x0D4953d2BDe145D316296CC72cCE509D899a5529,203771.74413406217,0.00136388395075737,[],"[('0x4200000000000000000000000000000000000006', 148902041433624), ('0xF4435cC8b478d54313F04c956882BE3D9aCf9F6F', 334448870500691279552)]",8453,Base,base,0.0,5.11,5.11
1769644800,0xc01162ED99a018D02b8a12f4712B0b9b87a9852F,27391.28467822858,0.000183335200481396,[],"[('0x4ed4E862860beD51a9570b96d89aF5E1B0Efefed', 1785123446336846310534), ('0x78b3C724A2F663D11373C4a1978689271895256f', 561670605466355667817)]",8453,Base,base,0.0,2.49,2.49
1769644800,0x0C8bF3cb3E1f951B284EF14aa95444be86a33E2f,155.82881332386526,1.043006381028e-06,[],"[('0x4200000000000000000000000000000000000006', 663148229338)]",8453,Base,base,0.0,0.0,0.0
1769644800,0x497139e8435E01555AC1e3740fccab7AFf149e02,124.34086602352183,8.32248631808e-07,[],"[('0x2416092f143378750bb29b79eD961ab195CcEea5', 146609213428), ('0x4200000000000000000000000000000000000006', 2855126257728)]",8453,Base,base,0.0,0.01,0.01
1769644800,0xaa46e69d85c79bb3EfFe0902c1Ad69f712b5b382,1017.2256724813086,6.808579522063e-06,[],"[('0x2a06A17CBC6d0032Cac2c6696DA90f29D39a1a29', 15766811243), ('0x4200000000000000000000000000000000000006', 1434286206120472)]",8453,Base,base,0.0,8.49,8.49
1769644800,0xCd401DE1cBAa0d770eE5FB70ff622c752C92B8c5,12601.594622937528,8.2443164601645e-05,[],"[('0x940181a94A35A4569E4529A3CDfB74e38FD98631', 36585897943004426691), ('0xA88594D404727625A9437C3f886C7643872296AE', 2801203868364527790001)]",8453,Base,base,0.0,30.89,30.89
1769644800,0xd204058452F57464E0E5ab8C3Cc9cbCb6B41D4EE,9102.188585466138,6.0928967294852e-05,[],"[('0x4200000000000000000000000000000000000006', 254008625208279), ('0xaB36452DbAC151bE02b16Ca17d8919826072f64a', 349251694296749872315)]",8453,Base,base,0.0,1.43,1.43
1769644800,0x0b15b1d434f86eCaa83d14398C8Db6d162F3921e,7405.88898276662,4.9570204307202e-05,[],"[('0x368181499736d0c0CC614DBB145E2EC1AC86b8c6', 759168186420312954), ('0xd652C5425aea2Afd5fb142e120FeCf79e18fafc3', 8036200467408084205)]",8453,Base,base,0.0,3845.07,3845.07
1769644800,0x63762eeff69C4De51e50C89Cc7EC0B90663F41a4,3812.342306781577,2.5551090206575e-05,[],[],8453,Base,base,0.0,0.0,0.0
1769644800,0x963ceee215e5b0B1dCB221C3bA398De66abC73D9,47562.86282917196,0.000318354870477241,"[('0x1db0c569ebb4a8b57AC01833B9792F526305e062', 200000000000000000000000)]","[('0x1db0c569ebb4a8b57AC01833B9792F526305e062', 33761383088798152151058), ('0x4200000000000000000000000000000000000006', 3159137448262560)]",8453,Base,base,176.0,38.41,214.41
1769644800,0x8B49c7eC53Cb4CA3666bB16727FC5C5F6d12226f,158849.56022158806,0.001063861214030804,[],"[('0x0b3e328455c4059EEb9e3f84b5543F74E24e7E1b', 144454149222279874254), ('0x940181a94A35A4569E4529A3CDfB74e38FD98631', 273739827749717064605)]",8453,Base,base,0.0,228.47,228.47
1769644800,0x8a24D81C24f125341b46a52de3e4CF0e0C7E7F72,54588.40822588301,0.000382873615908701,[],"[('0x3816dD4bd44c8830c2FA020A5605bAC72FA3De7A', 5381104488348371210762), ('0x833589fCD6eDb6E08f4c7C32D4f71b54bdA02913', 15397064)]",8453,Base,base,0.0,31.5,31.5
1769644800,0x0DFb9Cb66A18468850d6216fCc691aa20ad1e091,318586.97696833004,0.002251540995089098,[],"[('0x4200000000000000000000000000000000000006', 57923739460601448), ('0xcD2F22236DD9Dfe2356D7C543161D4d260FD9BcB', 927341866436048268473)]",8453,Base,base,0.0,313.13,313.13
1769644800,0xB37642E87613d8569Fd8Ec80888eA6c63684E79e,46451.73400317238,0.000310854977845454,[],"[('0x4200000000000000000000000000000000000006', 2631766659330458), ('0xDCEFd8C8fCc492630B943ABcaB3429F12Ea9Fea2', 78428472247)]",8453,Base,base,0.0,12.06,12.06
1769644800,0x37E769D2dcF3e3E8dFC37c0Df83EEB56edfC0fD2,239179.3198534651,0.001603040382747655,[],"[('0x0b3e328455c4059EEb9e3f84b5543F74E24e7E1b', 7263988640250125751), ('0x23471E7250bCD7ee21Df3f39Ed6151931D1E076b', 41717356543921693497)]",8453,Base,base,0.0,12.97,12.97
1769644800,0x958682eC6282BC7E939FA8Ba9397805C214c3A09,20740.445143060773,0.000138795047242169,[],"[('0x833589fCD6eDb6E08f4c7C32D4f71b54bdA02913', 4022513), ('0xDCEFd8C8fCc492630B943ABcaB3429F12Ea9Fea2', 58363440924)]",8453,Base,base,0.0,7.6,7.6
1769644800,0xA24382874A6FD59de45BbccFa160488647514c28,526.3178983604521,3.522154022469e-06,[],"[('0x4200000000000000000000000000000000000006', 90752995865447), ('0xEDfa23602D0EC14714057867A78d01e94176BEA0', 73921034193271)]",8453,Base,base,0.0,0.47,0.47
1769644800,0x63b9877618E27081181a59F9Ca52040Ada1332fc,93140.15774375519,0.000623300066884593,[],"[('0x4200000000000000000000000000000000000006', 1340531668388101), ('0x750cF88d9E0c2BCedEEC31d5FaAd6eD6E3F1abC6', 1907219247278123780402)]",8453,Base,base,0.0,7.44,7.44
1769644800,0x91F0f34916Ca4E2cCe120116774b0e4fA0cdcaA8,350639.017866747,0.002346499389554666,[],"[('0x04C0599Ae5A44757c0af6F9eC3b93da8976c150A', 38896031454523), ('0x4200000000000000000000000000000000000006', 44531282220550)]",8453,Base,base,0.0,0.24,0.24
1769644800,0x598299Fb3f3829F7Ba08662948706cDFf7eC2350,580759.4581343513,0.003876256101162457,"[('0xed1779845520339693CDBffec49a74246E7D671b', 1126973000000000000000000)]","[('0x4200000000000000000000000000000000000006', 9748486216003518), ('0xed1779845520339693CDBffec49a74246E7D671b', 38231179857354605133778)]",8453,Base,base,812.55,54.42,866.9699999999999
1769644800,0xF471D220F16Cc9c3400B5BD97d728072A87b9C75,68846.97106553151,0.00046074611193861,[],"[('0x80F6BcedD3d4fa1035285affA30e38f464Db3895', 1862946744242716585659), ('0x833589fCD6eDb6E08f4c7C32D4f71b54bdA02913', 1579490)]",8453,Base,base,0.0,14.73,14.73
1769644800,0x9b0025d10E824E7E2b148953009A40B0C0792F30,34.792436881653366,2.32836357852e-07,[],"[('0x3Dd79d6BD927615787Cc95F2c7A77C9aC1AF26F4', 114263031214694)]",8453,Base,base,0.0,0.0,0.0
1769644800,0x7C36577aEC1d99d9b872b7075bD86C8F1334EcF2,4774.742799011945,3.195331579645e-05,[],"[('0x4200000000000000000000000000000000000006', 142925841168819), ('0x58D75a1c4477914f9a98A8708fEaeD1DbE40b8a3', 4446806850022352971)]",8453,Base,base,0.0,0.97,0.97
1769644800,0xCdB55B284257fd5f879598Ba9E4B852bb0C3EDF1,12679.948425105695,8.4856172021239e-05,[],"[('0x833589fCD6eDb6E08f4c7C32D4f71b54bdA02913', 4598676), ('0x8Fe815417913a93Ea99049FC0718ee1647A2a07c', 583927800326989599395)]",8453,Base,base,0.0,11.78,11.78
1769644800,0x3a1d086839AF6e86f48D96CA6648b48244f91A89,18074.278050425226,0.000120955858493077,[],"[('0x4200000000000000000000000000000000000006', 1175549467031710), ('0x806041B6473DA60abbe1b256d9A2749A151be6C6', 11721150)]",8453,Base,base,0.0,6.39,6.39
1769644800,0x61907C8C3E6ef7eD813aCc2fBbBf8C05ac0F31d5,97473.65724707002,0.000653474043375448,[],"[('0x4E74D4Db6c0726ccded4656d0BCE448876BB4C7A', 91087092971586032686), ('0x548f93779fBC992010C07467cBaf329DD5F059B7', 129629004743330639274)]",8453,Base,base,0.0,164.18,164.18
1769644800,0x65Ee5A0ee82027D054EFeb31a1f7079C37c5DbD8,4522.659345262666,3.2651449798099e-05,[],"[('0x1f4446fAAAed23090f324f051C3F8c5ce5aD1c36', 12013851559718794088)]",8453,Base,base,0.0,2.97,2.97
1769644800,0x03FF264046b085450649A993Cdd65dCDD01A893e,191.71218992623142,1.28298029434e-06,[],"[('0x2C8D2FC58B80aCb3b307C165af8F3eE296e6A271', 15420672605898388), ('0x3Dd79d6BD927615787Cc95F2c7A77C9aC1AF26F4', 17813582937292987)]",8453,Base,base,0.0,0.02,0.02
1769644800,0x0f3027d68FE4E2A56860D7B18b3D80CAe8d716D1,2760.0115060513626,1.8470606255006e-05,[],"[('0x940181a94A35A4569E4529A3CDfB74e38FD98631', 1541267718911535247), ('0xBC45647eA894030a4E9801Ec03479739FA2485F0', 322433455080271016110)]",8453,Base,base,0.0,1.45,1.45
1769644800,0x6d0b9C9E92a3De30081563c3657B5258b3fFa38B,6837.781661611226,4.5759944280095e-05,[],"[('0x04D5ddf5f3a8939889F11E97f8c4BB48317F1938', 33373144313615219583), ('0x833589fCD6eDb6E08f4c7C32D4f71b54bdA02913', 37540387)]",8453,Base,base,0.0,71.68,71.68
1769644800,0xd448670823ff9667848C821BeE829c642F67E064,1105.7000460311565,7.399662197528e-06,[],"[('0x4200000000000000000000000000000000000006', 236884975892332), ('0xe0023E73aab4fE9a22f059a9d27E857E027eE3dc', 85090272111769778664)]",8453,Base,base,0.0,1.5,1.5
1769644800,0xe140c5930889c4064A3d11b17Bb04fE7224a5CDC,18289.918398828686,0.0001224013856719,[],"[('0x4200000000000000000000000000000000000006', 1887475775683925), ('0xba0Dda8762C24dA9487f5FA026a9B64b695A07Ea', 227119695860758736487412)]",8453,Base,base,0.0,9.97,9.97
1769644800,0xd16Cc119b7c113660580291580cbEB588C9e2653,16285.460653758051,0.000108986978884107,[],"[('0x36be1d329444aeF5D28df3662Ec5B4F965Cd93E9', 6970036251575580762), ('0x833589fCD6eDb6E08f4c7C32D4f71b54bdA02913', 27117688)]",8453,Base,base,0.0,53.58,53.58
1769644800,0xD73a3EF449043AAc66bFF3FEE37E83B4f8DAE998,112.65373422645541,7.53911136712e-07,[],"[('0x1f55a02A049033E3419a8E2975cF3F572F4e6E9A', 19562378852198), ('0xe4796cCB6bB5DE2290C417Ac337F2b66CA2E770E', 23952740251053147)]",8453,Base,base,0.0,0.09,0.09
1769644800,0xDE4FB30cCC2f1210FcE2c8aD66410C586C8D1f9A,7782110.098399769,0.05145093862649811,[],"[('0x4200000000000000000000000000000000000006', 42332668273181080), ('0x7Ba6F01772924a82D9626c126347A28299E98c98', 68292039209194853)]",8453,Base,base,0.0,302.26,302.26
1769644800,0xcEFC8B799a8EE5D9b312aeca73262645D664AaF7,4735543.925768687,0.03151068533719983,[],"[('0x526728DBc96689597F85ae4cd716d4f7fCcBAE9d', 45395586985821083040), ('0x833589fCD6eDb6E08f4c7C32D4f71b54bdA02913', 55873889)]",8453,Base,base,0.0,101.06,101.06
1769644800,0x37785d5bE19D0d9559D4634a5385c72c419b25Da,763849.7238798339,0.005137623185546898,[],"[('0x4200000000000000000000000000000000000006', 89505883519072683), ('0x6e2c81b6c2C0e02360F00a0dA694e489acB0b05e', 9949069814246425505876)]",8453,Base,base,0.0,500.52,500.52
1769644800,0x456c166e63634D75a4B49EDEC86cB51424D4C926,208.32659350971878,1.39419521449e-06,[],"[('0x1f55a02A049033E3419a8E2975cF3F572F4e6E9A', 91787320166398), ('0xc1CBa3fCea344f92D9239c08C0568f6F2F0ee452', 27875456716168)]",8453,Base,base,0.0,0.37,0.37
1769644800,0x3caa9990e0d86814a4D3412b92dAb811Cdb75d48,0.0,0.0,[],[],8453,Base,base,0.0,0.0,0.0
1769644800,0x2ce63497999F520CC2afaaadbCFC37Afd9deF4b0,551.9390139085896,3.693819873989e-06,[],"[('0x04D5ddf5f3a8939889F11E97f8c4BB48317F1938', 862969567226825659), ('0x4200000000000000000000000000000000000006', 283193672719199)]",8453,Base,base,0.0,1.66,1.66
1769644800,0x0FAc819628a7F612AbAc1CaD939768058cc0170c,13584.798889039734,9.0915479529404e-05,[],"[('0x3eE5e23eEE121094f1cFc0Ccc79d6C809Ebd22e5', 20159980294641066267181), ('0x4200000000000000000000000000000000000006', 17993990041254)]",8453,Base,base,0.0,1.26,1.26
1769644800,0xcEa8ef6ce6235F2C2CdD13C9E8a3ED470725a638,1011.9046876479825,6.772113497372e-06,[],"[('0x04D5ddf5f3a8939889F11E97f8c4BB48317F1938', 599249742077353315), ('0x4621b7A9c75199271F773Ebd9A499dbd165c3191', 359070952872355405)]",8453,Base,base,0.0,0.97,0.97
1769644800,0x7818B53F423457151407103321d8F961773815D1,1431.2738884634073,9.57871757767e-06,[],"[('0x04D5ddf5f3a8939889F11E97f8c4BB48317F1938', 1992373894797763428), ('0xe31eE12bDFDD0573D634124611e85338e2cBF0cF', 2026134077593685472)]",8453,Base,base,0.0,4.53,4.53
1769644800,0x04e5A1c883Dafd1eAE6b11BD6d3Eb784D90ce515,118147.35078492503,0.000817182940579803,[],"[('0x4200000000000000000000000000000000000006', 105975227279762057), ('0xeff2A458E464b07088bDB441C21A42AB4b61e07E', 6655086778300813626996)]",8453,Base,base,0.0,638.62,638.62
1769644800,0xc02Dc3a9b6eaD739C56CDEa716D8fEC4Ffe4C799,2172.620484906535,1.4565084297421e-05,[],"[('0x4200000000000000000000000000000000000006', 667257763182376), ('0x8C9037D1Ef5c6D1f6816278C7AAF5491d24CD527', 1418204757054866562573057)]",8453,Base,base,0.0,4.53,4.53
1769644800,0x1524a14C55f097bb54F0b24383f3ae3e3743804A,169342.15548665606,0.004462625903897744,[],"[('0x9EaF8C1E34F05a589EDa6BAfdF391Cf6Ad3CB239', 47962648160751943), ('0xc1CBa3fCea344f92D9239c08C0568f6F2F0ee452', 30140940502486882)]",8453,Base,base,0.0,251.75,251.75
1769644800,0x9DFf4b5AE4fD673213502Ab8fbf6d36015efb3E1,8264.536601968039,5.5292685101583e-05,[],"[('0x4200000000000000000000000000000000000006', 1553444915284254), ('0x60a3E35Cc302bFA44Cb288Bc5a4F316Fdb1adb42', 3520454)]",8453,Base,base,0.0,8.46,8.46
1769644800,0x6FB655476fDCFB9712dD200308D941A1c6D1119e,95718.70892023081,0.000642405257436012,[],"[('0x7002458B1DF59EccB57387bC79fFc7C29E22e6f7', 1214525244481701374007), ('0xDBFeFD2e8460a6Ee4955A68582F85708BAEA60A3', 10251476822976895)]",8453,Base,base,0.0,62.13,62.13
1769644800,0x8f72e491E293ecB223E77123A046521d6d7cAd49,616.9929446702762,4.129271473067e-06,[],"[('0x78b3C724A2F663D11373C4a1978689271895256f', 571853020435246235173), ('0xB79DD08EA68A908A97220C76d19A6aA9cBDE4376', 830014)]",8453,Base,base,0.0,1.68,1.68
1769644800,0x9Bf387B4cdb6BCDB2107981E0e7C16d71576A970,23363.714876660284,0.00015636341092468,[],"[('0x084382D1cc4f4DFD1769b1cC1Ac2A9b1f8365e90', 45346348808458762391690), ('0x4200000000000000000000000000000000000006', 4425938748322763)]",8453,Base,base,0.0,27.79,27.79
1769644800,0x0AA3E62f4d97C404012352E881a2D0f2712c24A2,487243.1943469348,0.003518380458293279,[],"[('0x4200000000000000000000000000000000000006', 5642179136124270), ('0xE642657E4F43e6DcF0bd73Ef24008394574Dee28', 737536216107935204386654)]",8453,Base,base,0.0,71.17,71.17
1769644800,0x887de0c0AA6C1d5e781B17867b29734f84Dc1372,6133.483138670712,4.1128012372757e-05,[],"[('0x4200000000000000000000000000000000000006', 3720967620599610), ('0x82B0E1A2374EA0198f62A48B14FFaB53DB6C1E36', 5962018338950277131138)]",8453,Base,base,0.0,17.41,17.41
1769644800,0x3225b7a01F8f3e68D89292141E22F1C6829e08CD,28.259399205625908,1.89130021281e-07,[],"[('0x82B0E1A2374EA0198f62A48B14FFaB53DB6C1E36', 38024456332121221364), ('0x940181a94A35A4569E4529A3CDfB74e38FD98631', 102936381093794953)]",8453,Base,base,0.0,0.09,0.09
1769644800,0x14f7Ce67e16c435C876AFF4092eb547584121312,5481069.349572598,0.036396594318477644,[],"[('0x4200000000000000000000000000000000000006', 185727116198593874), ('0xB676f87A6E701f0DE8De5Ab91B56b66109766DB1', 17086282135760483390853)]",8453,Base,base,0.0,1006.68,1006.68
1769644800,0x9c38b55f9A9Aba91BbCEDEb12bf4428f47A6a0B8,275021.7811362095,0.000282400565203249,[],"[('0x833589fCD6eDb6E08f4c7C32D4f71b54bdA02913', 87258036), ('0xcbB7C0000aB88B473b1f5aFd9ef808440eed33Bf', 610183)]",8453,Base,base,0.0,601.69,601.69
1769644800,0xb909F567c5c2Bb1A4271349708CC4637D7318b4A,1517415.341189009,0.010115212447001636,[],"[('0x0b3e328455c4059EEb9e3f84b5543F74E24e7E1b', 1305092990845467509774), ('0xcbB7C0000aB88B473b1f5aFd9ef808440eed33Bf', 1227947)]",8453,Base,base,0.0,2031.71,2031.71
1769644800,0x3d36Cf85a0c275cF4894315a6c1D6C558D6d984C,14993.133799331581,0.000100344993432746,[],"[('0x74ccbe53F77b08632ce0CB91D3A545bF6B8E0979', 621952205964567319049)]",8453,Base,base,0.0,9.43,9.43
1769644800,0x2578365B3dfA7FfE60108e181EFb79FeDdec2319,729116.2632067634,0.005015543646327895,[],"[('0x4200000000000000000000000000000000000006', 178297185656897008), ('0xcbB7C0000aB88B473b1f5aFd9ef808440eed33Bf', 628636)]",8453,Base,base,0.0,1021.14,1021.14
1769644800,0x6CD89bc86E4a418f7f11e453384904B4493C4077,818.1245340787814,5.475486452535e-06,[],[],8453,Base,base,0.0,0.0,0.0
1769644800,0x488d6ea6064eEE9352fdCDB7BC50d98A7fF3AD4E,23669.611200197854,0.000158414312326459,[],"[('0x236aa50979D5f3De3Bd1Eeb40E81137F22ab794b', 15893698958103)]",8453,Base,base,0.0,1.34,1.34
1769644800,0x295e0F68384aC506b0C033592Eef9674da5e4f99,4938.97246128571,3.3055536163814e-05,[],"[('0x833589fCD6eDb6E08f4c7C32D4f71b54bdA02913', 5409558), ('0xDBFeFD2e8460a6Ee4955A68582F85708BAEA60A3', 1794882917471694)]",8453,Base,base,0.0,10.34,10.34
1769644800,0x1eB79B7111fC98BBcbe79dd8043c2C98bc5698bd,288017.5551988373,0.001929770372582943,"[('0x7431aDa8a591C955a994a21710752EF9b882b8e3', 300000000000000000000)]","[('0x4200000000000000000000000000000000000006', 10118986116268232), ('0x7431aDa8a591C955a994a21710752EF9b882b8e3', 39738617414704133680)]",8453,Base,base,210.09,55.7,265.79
1769644800,0xC75799e0646470128a42D07335aB3BFa9E8Ee7C2,71328.96846565607,0.000477390249718119,[],"[('0x4154550f4Db74Dc38d1FE98e1F3F28ed6daD627d', 13741446159021058320), ('0x60a3E35Cc302bFA44Cb288Bc5a4F316Fdb1adb42', 10918793)]",8453,Base,base,0.0,12.97,12.97
1769644800,0x1DDa8b6469df243971381f1f3F4137814ca68722,189078.4361852274,0.001229181351504297,"[('0x940181a94A35A4569E4529A3CDfB74e38FD98631', 55803225142392221)]","[('0x3e31966d4f81C72D2a55310A6365A56A4393E98D', 12903626971), ('0x4200000000000000000000000000000000000006', 258899465812888078)]",8453,Base,base,0.02,1728.91,1728.93
1769644800,0xc08223C05bfCAdEc2c13c00a43C98587d33f5A9A,0.0,0.0,[],[],8453,Base,base,0.0,0.0,0.0
1769644800,0x55F618171d851d57906431ce9FEEe96Dc6f3877e,117783.61400770533,0.000788301725278947,[],"[('0x24914CB6BD01E6a0CF2a9c0478e33c25926e6a0c', 267438423050948550534), ('0x4200000000000000000000000000000000000006', 12906236333683068)]",8453,Base,base,0.0,52.75,52.75
1769644800,0x2E26a29f782e51296d9D31f78D4883462a2d339d,251314.11074671606,0.00169433424967971,[],"[('0xF544251D25f3d243A36B07e7E7962a678f952691', 517401209883298672918)]",8453,Base,base,0.0,22.17,22.17
1769644800,0xd661D3D5ad3D3DEB7E781f5C6823da8d3a3B0CE8,330.0422665948749,2.208781443444e-06,[],"[('0x4200000000000000000000000000000000000006', 7086555206481), ('0x5Ca35eBC4f25B042d2cAE75914c7e882E631fA9A', 222604106402)]",8453,Base,base,0.0,0.04,0.04
1769644800,0xCc16Bfda354353B2E03214d2715F514706Be044C,18626.358386157408,0.000174890724592284,[],"[('0x4200000000000000000000000000000000000006', 16650217912104)]",34443,Mode,mode,0.0,0.04,0.04
1769644800,0x0fba984c97539B3fb49ACDA6973288D0EFA903DB,82529.39636436377,0.000774903265098458,[],"[('0x4200000000000000000000000000000000000006', 2259294871238167), ('0xDfc7C877a950e49D2610114102175A06C2e3167a', 18047715122198799485891)]",34443,Mode,mode,0.0,12.25,12.25
1769644800,0x283bA4E204DFcB6381BCBf2cb5d0e765A2B57bC2,11640.74672432671,0.000109299874253775,[],"[('0xDfc7C877a950e49D2610114102175A06C2e3167a', 247136149158231827417)]",34443,Mode,mode,0.0,0.08,0.08
1769644800,0x690A74d2eC0175a69C0962B309E03021C0b5002E,731.2684715998939,6.864121278912e-06,[],"[('0x18470019bF0E94611f15852F7e93cf5D65BC34CA', 5465084328715509707306), ('0xDfc7C877a950e49D2610114102175A06C2e3167a', 1194777069682703647094)]",34443,Mode,mode,0.0,0.74,0.74
1769644800,0x90a0b21936785164103eb9AC7d76792EB5F6c49C,1299.75584880003,1.2200403332271e-05,[],[],34443,Mode,mode,0.0,0.0,0.0
1769644800,0x1349e6986084b65708D68A72C8EfCBD7Cf4D3FB2,3122.334320254599,2.9307798217328e-05,[],"[('0x95177295A394f2b9B04545FFf58f4aF0673E839d', 670085428765227537), ('0xDfc7C877a950e49D2610114102175A06C2e3167a', 13721824383704934)]",34443,Mode,mode,0.0,0.0,0.0
1769644800,0x70f531F133C7De52F0b06F193D862f5a8f17A0cF,25505.252791861003,0.000239479561662089,[],[],34443,Mode,mode,0.0,0.0,0.0
1769644800,0xd65EaCAed50706254b5001f22963C8615968AF7d,4075.0965499822287,3.8262798000255e-05,[],[],34443,Mode,mode,0.0,0.0,0.0
1769644800,0x0f53E9d4147c2073cc64a70FFc0fec9606E2EEb7,1845.3887393747948,1.732678825605e-05,[],"[('0xA70266C8F8Cf33647dcFEE763961aFf418D9E1E4', 1211195434628610670)]",34443,Mode,mode,0.0,0.0,0.0
1769644800,0x30Cb11C8a432db32c5d05574EF311c1A7169726B,0.0,0.0,[],[],34443,Mode,mode,0.0,0.0,0.0
1769644800,0xeC466fCcE54BC5d6fB8BA2F5e9e962506cA423e8,4630.969222131763,4.3470040796218e-05,[],[],34443,Mode,mode,0.0,0.0,0.0
1769644800,0xc24278d4EBAF9Cb050bC8f84D00309bdE4d36A9E,0.0,0.0,[],[],34443,Mode,mode,0.0,0.0,0.0
1769644800,0x3Adf15f77F2911f84b0FE9DbdfF43ef60D40012c,59525.6578733928,0.000558789467843728,[],"[('0x4200000000000000000000000000000000000006', 583397955800527), ('0xd988097fb8612cc24eeC14542bC03424c656005f', 1722294)]",34443,Mode,mode,0.0,3.29,3.29
1769644800,0x9c92aA1d12dE024E219884e133B58895C27d6610,2969.4863572125364,2.7875118599862e-05,[],[],34443,Mode,mode,0.0,0.0,0.0
1769644800,0x72FEFFE6E649c2BCB6F9835fe99eb041EFcdB4b1,0.0,0.0,[],[],34443,Mode,mode,0.0,0.0,0.0
1769644800,0xc2026f3fb6fc51F4EcAE40a88b4509cB6C143ed4,11657.201381550913,0.000109430480724777,[],"[('0x4200000000000000000000000000000000000006', 325742267413556), ('0x7f9AdFbd38b669F03d1d11000Bc76b9AaEA28A81', 58595414308172044028)]",34443,Mode,mode,0.0,0.88,0.88
1769644800,0x5ccb6de93e8C41A39dA0Ee8cd58891a657aaFa5b,0.0,0.0,[],[],34443,Mode,mode,0.0,0.0,0.0
1769644800,0xD9417DA4F80775B7aCc9DEb3Bf27Da08f26006Ac,83.9897469054948,7.88429922876e-07,[],[],34443,Mode,mode,0.0,0.0,0.0
1769644800,0x1E41CDE26b30646bb3DBBea48A63708b00470c1c,774048.1947019451,0.007266398176967314,[],"[('0x4200000000000000000000000000000000000006', 4255945361441990), ('0xDfc7C877a950e49D2610114102175A06C2e3167a', 36464334094513316689451)]",34443,Mode,mode,0.0,23.92,23.92
1769644800,0xEC1D7b7058dF61ef9401DB56DbF195388b77EABa,9775.258765165987,9.1766414257693e-05,[],"[('0xA70266C8F8Cf33647dcFEE763961aFf418D9E1E4', 2249044951757310247), ('0xDfc7C877a950e49D2610114102175A06C2e3167a', 79503408184907202960)]",34443,Mode,mode,0.0,0.03,0.03
1769644800,0xa2E74518fe27B0FC04Ea36024ea837d26cd09CDa,164.8265747241244,1.547313888578e-06,[],[],34443,Mode,mode,0.0,0.0,0.0
1769644800,0x8874846147AfF9a207d8f925a9Bc229e0eB0A4A6,5141.386069724968,4.8265378468997e-05,[],[],34443,Mode,mode,0.0,0.0,0.0
1769644800,0xDaC26c3ffe00ad0656f8Cd8752186d2f7D9ae789,2439487.7885909947,0.022902499279982957,[],"[('0x1217BfE6c773EEC6cc4A38b5Dc45B92292B6E189', 66901158), ('0x4200000000000000000000000000000000000006', 22380692170508537)]",34443,Mode,mode,0.0,126.93,126.93
1769644800,0xEfe134Dc2BE0943A51C52bb2B2baC09Ab1152F95,750604.1315760512,0.007046852484103556,[],"[('0x1217BfE6c773EEC6cc4A38b5Dc45B92292B6E189', 7394390), ('0xd988097fb8612cc24eeC14542bC03424c656005f', 6051135)]",34443,Mode,mode,0.0,13.43,13.43
1769644800,0x79a7dBF4d7eA058F0d3B94db7fF86F1c1A7BDb25,375460.3189498998,0.003524282450899761,[],"[('0x4200000000000000000000000000000000000006', 255257771896261), ('0xac485391EB2d7D88253a7F1eF18C37f4242D1A24', 4696537420059649120)]",1135,Lisk,lisk,0.0,1.46,1.46
1769644800,0x5C2bb5Fcb384D7244e5892926985bF5Ec6cE3488,104633.5894167562,0.000982149921961076,[],"[('0x4200000000000000000000000000000000000006', 123095530914941), ('0xF242275d3a6527d877f2c927a82D9b057609cc71', 664130)]",1135,Lisk,lisk,0.0,1.0,1.0
1769644800,0xe36926807aa151C89125057742656AF8669d4cB1,0.0,0.0,[],[],1135,Lisk,lisk,0.0,0.0,0.0
1769644800,0x076d0CD6228B042aA28E1E6A0894Cf6C97abc23b,12379.415647655449,0.000116202871940428,[],[],1135,Lisk,lisk,0.0,0.0,0.0
1769644800,0x77B2D6400d814588e33A6BFb344f8e47C0c4684A,20.723345897216365,1.94523593468e-07,[],[],1135,Lisk,lisk,0.0,0.0,0.0
1769644800,0xc24278d4EBAF9Cb050bC8f84D00309bdE4d36A9E,0.0,0.0,[],[],1135,Lisk,lisk,0.0,0.0,0.0
1769644800,0xd5AD706FeD32C436C68cC1E7C5429cA1A5Db42dA,19.977234315210282,1.87529379514e-07,[],"[('0x9BFA177621119e64CecbEabE184ab9993E2ef727', 1039705704)]",1135,Lisk,lisk,0.0,0.0,0.0
1769644800,0xD20fC13602c3F155B916A938Da181d7D4Cd91B37,0.0,0.0,[],[],1135,Lisk,lisk,0.0,0.0,0.0
1769644800,0xc2026f3fb6fc51F4EcAE40a88b4509cB6C143ed4,131545.75004411762,0.001234872917199458,[],"[('0x4200000000000000000000000000000000000006', 2173951752304302), ('0x7f9AdFbd38b669F03d1d11000Bc76b9AaEA28A81', 629261955172902965788)]",1135,Lisk,lisk,0.0,5.9,5.9
1769644800,0x25B559e6E64226C0A1637B8E94f3f4740fa0D562,375692.37230308016,0.003526740561988187,[],"[('0x05D032ac25d322df992303dCa074EE7392C117b9', 17662674), ('0x4200000000000000000000000000000000000006', 7753094418452912)]",1135,Lisk,lisk,0.0,38.69,38.69
1769644800,0x18Eb25a15eC48Db3C42A0F41EC0a716Ba6b54514,191812.7333878429,0.001800599531986791,[],"[('0x05D032ac25d322df992303dCa074EE7392C117b9', 2363256), ('0xF242275d3a6527d877f2c927a82D9b057609cc71', 1910273)]",1135,Lisk,lisk,0.0,4.28,4.28
1769644800,0xa913882766Af5fFD34E72Bdd646e8E8957Fe1842,5443922.958259,0.0511036204827608,[],"[('0x4200000000000000000000000000000000000006', 95068627878269979), ('0xac485391EB2d7D88253a7F1eF18C37f4242D1A24', 1683628315633571000301)]",1135,Lisk,lisk,0.0,531.65,531.65
1769644800,0xDC1479FD1Db51cA0079ceCfaA879232e168c8246,3013073.0625469647,0.025530835237387254,[],"[('0x03C7054BCB39f7b2e5B2c7AcB37583e32D70Cfa3', 922210), ('0x4200000000000000000000000000000000000006', 78409017037246787)]",1135,Lisk,lisk,0.0,983.08,983.08
1769644800,0x9C69E0B64A63aA7daA0B5dc61Df3Cc77ea05BcB3,266016.5293699519,0.002497096893107489,[],"[('0x4200000000000000000000000000000000000006', 13083836837320801), ('0x76D8de471F54aAA87784119c60Df1bbFc852C415', 233331013088477)]",1135,Lisk,lisk,0.0,36.28,36.28
1769644800,0x66EbF57B522C94274fC7a9A899EDe21b6A9D5A18,0.0,0.0,[],[],1135,Lisk,lisk,0.0,0.0,0.0
1769644800,0xDaC26c3ffe00ad0656f8Cd8752186d2f7D9ae789,3002418.831173355,0.028187524813541025,[],"[('0x1217BfE6c773EEC6cc4A38b5Dc45B92292B6E189', 63143585), ('0x4200000000000000000000000000000000000006', 21602469217805506)]",1135,Lisk,lisk,0.0,121.67,121.67
1769644800,0xC859c755E8C0568fD86F7860Bcf9A59D6F57BEB5,1035635.2314910814,0.00972105676063349,[],"[('0x43F2376D5D03553aE72F4A8093bbe9de4336EB08', 58158918), ('0xF242275d3a6527d877f2c927a82D9b057609cc71', 25898440)]",1135,Lisk,lisk,0.0,83.89,83.89
1769644800,0x915e897DafFBf232991a9ac1a35240318bF7e65D,6570692.89440866,0.06167623178604446,[],"[('0x4200000000000000000000000000000000000006', 122380869627829186), ('0x43F2376D5D03553aE72F4A8093bbe9de4336EB08', 273134123)]",1135,Lisk,lisk,0.0,603.94,603.94
1769644800,0x337F15c404d252e788D088bAA0dbb1F185465F55,935282.7846754667,0.00877935337503144,[],"[('0x18Bc5bcC660cf2B9cE3cd51a404aFe1a0cBD3C22', 3609425), ('0x43F2376D5D03553aE72F4A8093bbe9de4336EB08', 31722551)]",1135,Lisk,lisk,0.0,33.72,33.72
1769644800,0x0c1a84a52628bF0542e3528f35BdcAAFE22a8b9A,2047.6143520991832,1.9220763149986e-05,[],"[('0x05D032ac25d322df992303dCa074EE7392C117b9', 671888), ('0x43F2376D5D03553aE72F4A8093bbe9de4336EB08', 907144)]",1135,Lisk,lisk,0.0,1.57,1.57
1769644800,0xEa1BB3Bd0590ce0B04f701F7C3f2911440d56c70,113310.13944496612,0.0,[],[],1135,Lisk,lisk,0.0,0.0,0.0
1769644800,0xFF457eFE9A906CB4af830C22c2B36f15a9a77619,0.5979465283903546,5.613331895e-09,[],[],1135,Lisk,lisk,0.0,0.0,0.0
1769644800,0x9788ABD076014dE9c04A2283c709BfF7778a6cF1,0.240314427283197,2.255987975e-09,[],"[('0x1b10E2270780858923cdBbC9B5423e29fffD1A44', 54292696869), ('0x76D8de471F54aAA87784119c60Df1bbFc852C415', 56683452443)]",1135,Lisk,lisk,0.0,0.0,0.0
1769644800,0x9665Df2b69163411D9b089F6C192F8CeB579FB57,12164.786100973592,0.000114199144204403,[],"[('0xa67E8B2E43B70D98E1896D3f9d563f3ABdB8Adcd', 139692840)]",1135,Lisk,lisk,0.0,0.0,0.0
1769644800,0xFD48e86D902F6724CE2Fe9846096b6018ED31343,118.8788378079277,1.115985658932e-06,[],"[('0x9BFA177621119e64CecbEabE184ab9993E2ef727', 328536790599)]",1135,Lisk,lisk,0.0,0.03,0.03
1769644800,0x5d8D16F7de8637499A730D09A363E2EADaF01Dce,1163686.4638399086,0.01092540264040865,[],"[('0x1217BfE6c773EEC6cc4A38b5Dc45B92292B6E189', 4058743), ('0x43F2376D5D03553aE72F4A8093bbe9de4336EB08', 3669868)]",1135,Lisk,lisk,0.0,7.71,7.71
1769644800,0x9067FB6AeFa1b3dbe64B0E290C17A19B050E3F15,563514.6846883383,0.005289519339819811,[],"[('0xFc00000000000000000000000000000000000001', 631303999938723684)]",252,Fraxtal,fraxtal,0.0,0.63,0.63
1769644800,0x36138dA358b34D8061B0b0dce5BABAb7B8Fa9767,417726.9288662423,0.003921059608630372,[],"[('0x5d3a1Ff2b6BAb83b63cd9AD0787074081a52ef34', 1571874971778970204), ('0xFc00000000000000000000000000000000000001', 1419082167658018398)]",252,Fraxtal,fraxtal,0.0,2.98,2.98
1769644800,0x784B4Bdf9257e8b69C21912Eb6B6917C609F4FAE,83519.60289257093,0.000783988056478166,[],"[('0x1509706a6c66CA549ff0cB464de88231DDBe213B', 387770250269775519), ('0xFC00000000000000000000000000000000000006', 9598784184447)]",252,Fraxtal,fraxtal,0.0,0.03,0.03
1769644800,0xE0bCE5fD63c12Cc2f8b55431Ff6552C7A8273535,111862.37036011116,0.001050038066446137,[],"[('0x331B9182088e2A7d6D3Fe4742AbA1fB231aEcc56', 4024089362851918928), ('0xFC00000000000000000000000000000000000006', 412057215016824)]",252,Fraxtal,fraxtal,0.0,2.42,2.42
1769644800,0xb43F6D14FeFA510F014cf90c8Ab110803bB28778,9135.160229511232,8.5750605437663e-05,[],"[('0x5BD5c0cB9E4404C63526433BcBd6d133C1d73ffE', 194099185738816927773), ('0xFC00000000000000000000000000000000000006', 5657699884199)]",252,Fraxtal,fraxtal,0.0,0.02,0.02
1769644800,0xBD7131BdF425836706a60fF7788f75FAC3fD7D7C,0.0,0.0,[],[],252,Fraxtal,fraxtal,0.0,0.0,0.0
1769644800,0x436Ad937215A35E01055820d5Fd13bef991f3a1c,543052.9646593736,0.005097924262864574,[],"[('0x211Cc4DD073734dA055fbF44a2b4667d5E5fE5d2', 45862825287250957), ('0xFc00000000000000000000000000000000000001', 160762653448244798)]",252,Fraxtal,fraxtal,0.0,0.22,0.22
1769644800,0x9F2b9Ff881f2c5d3262F6923D825293712A2945E,163.98629864506646,1.53944614148e-06,[],"[('0xFC00000000000000000000000000000000000005', 813193453196), ('0xFC00000000000000000000000000000000000006', 972239010067)]",252,Fraxtal,fraxtal,0.0,0.01,0.01
1769644800,0x8288Ac642114Db3e9c3Ead0976de4b9f693d01E4,266396.3564094886,0.002500802936837827,[],"[('0x2416092f143378750bb29b79eD961ab195CcEea5', 254506705265674), ('0xFC00000000000000000000000000000000000005', 312102663051105)]",252,Fraxtal,fraxtal,0.0,1.72,1.72
1769644800,0x6EE90D888E756c04CCf0306F5c0EF1293037cDa6,235888.92354569348,0.0,[],[],252,Fraxtal,fraxtal,0.0,0.0,0.0
1769644800,0xcACF50fe81b228bdEE8d3af2678d81B1Ac7C1734,209067.89083743058,0.00196263042952833,[],"[('0xacA9A33698cF96413A40A4eB9E87906ff40fC6CA', 3243676644656358), ('0xFc00000000000000000000000000000000000001', 576029718952500)]",252,Fraxtal,fraxtal,0.0,0.0,0.0
1769644800,0xaB7d7E99b9AAEfC72345DCfa3DCAb9843249009A,208818.6644448511,0.001960290810087206,[],"[('0x8e9C334afc76106F08E0383907F4Fca9bB10BA3e', 108625274139944294), ('0xFc00000000000000000000000000000000000001', 177537547793629755)]",252,Fraxtal,fraxtal,0.0,0.28,0.28
1769644800,0x02e7480Ffb8fe71D0cbE696E1AA10459afFeD420,210798.65811957477,0.001978878053784556,[],"[('0xc38173D34afaEA88Bc482813B3CD267bc8A1EA83', 86542867527736632), ('0xFc00000000000000000000000000000000000001', 31983240302069913)]",252,Fraxtal,fraxtal,0.0,0.04,0.04
1769644800,0x3BBdBAD64b383885031c4d9C8Afe0C3327d79888,902314.1521367317,0.008470554324089783,[],"[('0xFc00000000000000000000000000000000000001', 29788899642219821311), ('0xFC00000000000000000000000000000000000006', 9938199487120310)]",252,Fraxtal,fraxtal,0.0,56.51,56.51
1769644800,0xd335C616C8aa60CaB2345052f9D7D62Eb722f320,360460.0411548564,0.003383850683307436,[],"[('0xFc00000000000000000000000000000000000002', 14707434275099448818), ('0xFC00000000000000000000000000000000000006', 4441893749753053)]",252,Fraxtal,fraxtal,0.0,24.79,24.79
1769644800,0xF1888F340B7eA2C161E93D028fB13c049fb16876,120905.22405973633,0.001135008540029029,[],"[('0x7f9AdFbd38b669F03d1d11000Bc76b9AaEA28A81', 104189659617189860996), ('0xFC00000000000000000000000000000000000006', 224315102259126)]",252,Fraxtal,fraxtal,0.0,0.61,0.61
1769644800,0x006faFE300BD4eCe193084f306b37FfdaeCF2f52,750610.4270855116,0.007046888278225263,[],"[('0x1217BfE6c773EEC6cc4A38b5Dc45B92292B6E189', 13049325), ('0xFC00000000000000000000000000000000000006', 4321362485386570)]",252,Fraxtal,fraxtal,0.0,24.77,24.77
1769644800,0xbc281936dEfEcBdFF3DD9137778d9Ea291dB7865,943621.8778157857,0.008858920299943328,[],"[('0x1217BfE6c773EEC6cc4A38b5Dc45B92292B6E189', 2845892), ('0xFc00000000000000000000000000000000000001', 2826800857083924915)]",252,Fraxtal,fraxtal,0.0,5.64,5.64
1769644800,0xEB020acF5EDEA9bD3dB2D177126022de1C6F694B,14791417.134890422,0.14173496622641915,[],"[('0x4200000000000000000000000000000000000006', 24286711845594567), ('0x51E85d70944256710cb141847F1a04f568C1Db0e', 74905812)]",1750,Metal L2,metal,0.0,0.0,0.0
1769644800,0xd9319A89885F2328E1df33FD10908E68b9683d86,2192.2081901216225,2.0577779665367e-05,[],"[('0xBCFc435d8F276585f6431Fc1b9EE9A850B5C00A9', 16997838)]",1750,Metal L2,metal,0.0,0.0,0.0
1769644800,0x516DF427d03bCDD5B07481b134128cBdD6b9e399,14633239.403730853,0.13735902347114484,[],"[('0x4200000000000000000000000000000000000006', 23042476928667351), ('0xBCFc435d8F276585f6431Fc1b9EE9A850B5C00A9', 22557949938)]",1750,Metal L2,metal,0.0,0.0,0.0
1769644800,0xc24278d4EBAF9Cb050bC8f84D00309bdE4d36A9E,0.0,0.0,[],[],1750,Metal L2,metal,0.0,0.0,0.0
1769644800,0x7E6e52efaE5386804Fb922211CeE7d22AD87E378,0.0,0.0,[],[],1750,Metal L2,metal,0.0,0.0,0.0
1769644800,0xc2026f3fb6fc51F4EcAE40a88b4509cB6C143ed4,5791.453519229894,5.4367964630632e-05,[],"[('0x4200000000000000000000000000000000000006', 29997796018879), ('0x7f9AdFbd38b669F03d1d11000Bc76b9AaEA28A81', 16200811611098509565)]",1750,Metal L2,metal,0.0,0.0,0.0
1769644800,0xD53F254C8a0B871C6A260cC290144f579035315a,452634.1940223383,0.004248694047966395,[],"[('0x1217BfE6c773EEC6cc4A38b5Dc45B92292B6E189', 4164226), ('0x51E85d70944256710cb141847F1a04f568C1Db0e', 3822422)]",1750,Metal L2,metal,0.0,0.0,0.0
1769644800,0xDaC26c3ffe00ad0656f8Cd8752186d2f7D9ae789,1203243.3864491081,0.01129480710005741,[],"[('0x1217BfE6c773EEC6cc4A38b5Dc45B92292B6E189', 48586196), ('0x4200000000000000000000000000000000000006', 16201492589865963)]",1750,Metal L2,metal,0.0,0.0,0.0
1769644800,0x47b0AcA6834c5561489C3769506A0Cd7468D1968,3161.2729372462295,2.9674178874924e-05,[],"[('0x09D9420332bff75522a45FcFf4855F82a0a3ff50', 625242929582834034), ('0x4200000000000000000000000000000000000006', 1960291528078)]",57073,Ink,ink,0.0,0.01,0.01
1769644800,0xc24278d4EBAF9Cb050bC8f84D00309bdE4d36A9E,0.0,0.0,[],[],57073,Ink,ink,0.0,0.0,0.0
1769644800,0x67ce303f24b3841698891Cece349072856B80A9C,3377942.4342371896,0.03170977443483949,[],"[('0x4200000000000000000000000000000000000006', 78843457254701954), ('0xF1815bd50389c46847f0Bda824eC8da914045D14', 222965543)]",57073,Ink,ink,0.0,439.01,439.01
1769644800,0xc2026f3fb6fc51F4EcAE40a88b4509cB6C143ed4,880021.2207278691,0.00826134576080103,[],"[('0x4200000000000000000000000000000000000006', 10616631810063394), ('0x7f9AdFbd38b669F03d1d11000Bc76b9AaEA28A81', 2867408945517914080468)]",57073,Ink,ink,0.0,29.1,29.1
1769644800,0xaC7fC3e9b9d3377a90650fe62B858fF56bD841C9,118512315.06509548,1.1224436877342536,[],"[('0x0200C29006150606B650577BBE7B6248F58470c1', 2958081331), ('0x4200000000000000000000000000000000000006', 1471620279525066425)]",57073,Ink,ink,0.0,6986.32,6986.32
1769644800,0x317728bcCE5d1C2895b71b01eEBbB6989ae504aE,673160.7058867776,0.006319460484395987,[],"[('0x0200C29006150606B650577BBE7B6248F58470c1', 46355792), ('0xF1815bd50389c46847f0Bda824eC8da914045D14', 47486738)]",57073,Ink,ink,0.0,93.75,93.75
1769644800,0xeDaFd349bDac6bAaefC13d06b3Aa2Db779534656,41066171.13149705,0.40224822260446785,[],"[('0x4200000000000000000000000000000000000006', 253165274496896497), ('0x73E0C0d45E048D25Fc26Fa3159b0aA04BfA4Db98', 670073)]",57073,Ink,ink,0.0,1254.61,1254.61
1769644800,0xDCF119Db83668e8724474dC05F6507CC7430120f,70570022.24807277,0.6852382631742396,[],"[('0x0200C29006150606B650577BBE7B6248F58470c1', 899758369), ('0x73E0C0d45E048D25Fc26Fa3159b0aA04BfA4Db98', 765956)]",57073,Ink,ink,0.0,1539.17,1539.17
1769644800,0x31826a86cD62c6FA12A0a8441eC4C8BCfeE8A453,30405813.123079386,0.3021296968236646,[],"[('0x0200C29006150606B650577BBE7B6248F58470c1', 443437344), ('0xe343167631d89B6Ffc58B88d6b7fB0228795491D', 160445195)]",57073,Ink,ink,0.0,603.04,603.04
1769644800,0xA304A3ed0Df1f8D797B281c4f12Bc3eefa49adAF,20449795.8741292,0.17199937178720154,[],"[('0x4200000000000000000000000000000000000006', 358962347879002562), ('0xe343167631d89B6Ffc58B88d6b7fB0228795491D', 718974183)]",57073,Ink,ink,0.0,1702.53,1702.53
1769644800,0xAd95F3aF523D83F00679764DbEFB07DDce15d1E1,9849087.473140774,0.10241886729913133,[],"[('0xe343167631d89B6Ffc58B88d6b7fB0228795491D', 335592932)]",57073,Ink,ink,0.0,335.46,335.46
1769644800,0xA4c27bc65e379Cb7F534be7a050E764E245e16f9,7734.579045746511,7.2606046577979e-05,[],"[('0x4200000000000000000000000000000000000006', 122269521961233), ('0xa10d8aC477c04DA695ef3b11fb577BBcac654EBB', 140465637413747)]",57073,Ink,ink,0.0,0.34,0.34
1769644800,0x09eF0f1C7f9E5320315Be73767A4774922A190De,0.0,0.0,[],[],57073,Ink,ink,0.0,0.0,0.0
1769644800,0x3170b9355F1057F457FEdF4c8074946659Dc92D2,3.8785321390726284,3.6416388876e-08,[],"[('0xaE4EFbc7736f963982aACb17EFA37fCBAb924cB3', 1190136728)]",57073,Ink,ink,0.0,0.0,0.0
1769644800,0x5A7e713bb6F9C5e037465BaDdFd4c34BdEF7a9C7,1876510.1082675476,0.017614303312912756,[],"[('0x0200C29006150606B650577BBE7B6248F58470c1', 63338177), ('0x1217BfE6c773EEC6cc4A38b5Dc45B92292B6E189', 63235070)]",57073,Ink,ink,0.0,126.37,126.37
1769644800,0xDaC26c3ffe00ad0656f8Cd8752186d2f7D9ae789,7130743.647060527,0.06693329490526047,[],"[('0x1217BfE6c773EEC6cc4A38b5Dc45B92292B6E189', 323047134), ('0x4200000000000000000000000000000000000006', 109189104538704214)]",57073,Ink,ink,0.0,621.84,621.84
1769644800,0x264E85C174E3dB83a61C626A56112A8c3Bc312Fe,47795.16750850451,0.000448756340864521,[],"[('0x0606FC632ee812bA970af72F8489baAa443C4B98', 1324323679816781594525), ('0x4200000000000000000000000000000000000006', 341020165558331)]",57073,Ink,ink,0.0,1.95,1.95
1769644800,0xEEAA1c0265Ee75964d17879a8F39F3e6fE8D8116,0.0,0.0,[],[],57073,Ink,ink,0.0,0.0,0.0
1769644800,0x62C92624B8583156FC9345A7a0ED8a1F6A9Ad848,19296700.670439664,0.1811432021364387,[],"[('0x0200C29006150606B650577BBE7B6248F58470c1', 239144945), ('0x2D270e6886d130D724215A266106e6832161EAEd', 192713892)]",57073,Ink,ink,0.0,431.39,431.39
1769644800,0xCC7C17Cc1e74016FcCD8EF413Ca811595f76C67A,2819073.683924443,0.02662559229863976,[],"[('0x2D270e6886d130D724215A266106e6832161EAEd', 308157408), ('0x4200000000000000000000000000000000000006', 104199255948989313)]",57073,Ink,ink,0.0,593.67,593.67
1769644800,0x68Ea2123cE20514127B07378773f617491E290cC,29704070.84817559,0.27891323770043536,[],"[('0x0200C29006150606B650577BBE7B6248F58470c1', 27933250), ('0xfc421aD3C883Bf9E7C4f42dE845C4e4405799e73', 54466582587222280046)]",57073,Ink,ink,0.0,82.29,82.29
1769644800,0xF77cc94aF0592754054B376EA8E794f82dA47e8D,0.0,0.0,[],[],57073,Ink,ink,0.0,0.0,0.0
1769644800,0xc0A466F67451783efaDa2530b471B421311D402c,0.0,0.0,[],[],57073,Ink,ink,0.0,0.0,0.0
1769644800,0x2a487cFadb62E6b6C358DB1dFdF319B38b3c7a8d,0.0,0.0,[],[],57073,Ink,ink,0.0,0.0,0.0
1769644800,0xad052264350AC11cdEF4d4b046164674b46CF5C8,0.0,0.0,[],[],57073,Ink,ink,0.0,0.0,0.0
1769644800,0x72FEFFE6E649c2BCB6F9835fe99eb041EFcdB4b1,0.0,0.0,[],[],57073,Ink,ink,0.0,0.0,0.0
1769644800,0xF9349C5aF43D2abC2758e90Cfb341722116fac38,0.0,0.0,[],[],57073,Ink,ink,0.0,0.0,0.0
1769644800,0x182fB127F9063738ea6b93103EaA29F272160D8d,0.0,0.0,[],[],57073,Ink,ink,0.0,0.0,0.0
1769644800,0xCE2DBFe5a966470e8FdbE600661dCda687BdF5F9,8678.855724331874,8.1500974230601e-05,[],"[('0x4200000000000000000000000000000000000006', 487712072289321), ('0xbA9986D2381edf1DA03B0B9c1f8b00dc4AacC369', 1478138)]",1868,Soneium,soneium,0.0,2.8,2.8
1769644800,0xc24278d4EBAF9Cb050bC8f84D00309bdE4d36A9E,0.0,0.0,[],[],1868,Soneium,soneium,0.0,0.0,0.0
1769644800,0xebb7B9a2C1E930A761a2B41f4046971556e334d4,0.0,0.0,[],[],1868,Soneium,soneium,0.0,0.0,0.0
1769644800,0x5441c4c5cc00D33bd9409F742D511Ee01db1667B,4147872.0940071074,0.03893903322517714,[],"[('0x4200000000000000000000000000000000000006', 81973814546120865), ('0xbA9986D2381edf1DA03B0B9c1f8b00dc4AacC369', 241105460)]",1868,Soneium,soneium,0.0,462.64,462.64
1769644800,0xc2026f3fb6fc51F4EcAE40a88b4509cB6C143ed4,500405.3798697629,0.004697662143670888,[],"[('0x4200000000000000000000000000000000000006', 7237552585507085), ('0x7f9AdFbd38b669F03d1d11000Bc76b9AaEA28A81', 1379434063225100996837)]",1868,Soneium,soneium,0.0,19.57,19.57
1769644800,0xB44795454376C7127f89B1cC0d56F403E70CA952,563387.9176916919,0.005288924139525928,[],"[('0x2CAE934a1e84F693fbb78CA5ED3B0A6893259441', 1702278609374655766768), ('0x4200000000000000000000000000000000000006', 6244145637299756)]",1868,Soneium,soneium,0.0,33.08,33.08
1769644800,0x3844fDD68fD40319f977e9d8f15e7f5d61131ec2,169159.3764692555,0.001588035453523537,[],"[('0x3A337a6adA9d885b6Ad95ec48F9b75f197b5AE35', 10105733), ('0xbA9986D2381edf1DA03B0B9c1f8b00dc4AacC369', 10440023)]",1868,Soneium,soneium,0.0,20.47,20.47
1769644800,0xb86BA674b07d3a3e399BAf58B322dD7c35B7c4ab,41351.699898708655,0.000388201747211749,[],"[('0x3A337a6adA9d885b6Ad95ec48F9b75f197b5AE35', 2465400), ('0x4200000000000000000000000000000000000006', 825406639587086)]",1868,Soneium,soneium,0.0,4.68,4.68
1769644800,0x017B7477129d43d3AF587843b40c2aCB10DeDa0A,871.6982926562517,8.183334689494e-06,[],"[('0x2CAE934a1e84F693fbb78CA5ED3B0A6893259441', 859712979014633415), ('0x60336f9296C79dA4294A19153eC87F8E52158e5F', 682129092195354482)]",1868,Soneium,soneium,0.0,0.02,0.02
1769644800,0xC2c36a4220dA01BBEc5dD17fA7fA6824eaaaF1ca,0.0,0.0,[],[],1868,Soneium,soneium,0.0,0.0,0.0
1769644800,0x9Ef361E9a9C7962dCcd57fd508725F409E9E5906,1661.1757787922195,1.5595157458755e-05,[],"[('0x19a80F5DFE30bdf19054716E221539FC040f3b72', 647518074745558066), ('0x2CAE934a1e84F693fbb78CA5ED3B0A6893259441', 692195861560657096)]",1868,Soneium,soneium,0.0,0.01,0.01
1769644800,0x1Fa2D7400330E0BEA7104D4FD1Afb304099e13bD,2772.2174735350636,2.6025643138816e-05,[],"[('0x4200000000000000000000000000000000000006', 22224410043639), ('0xda14b3B7aEF494b8c37ed9710d14e44D490316fa', 54854053103007)]",1868,Soneium,soneium,0.0,0.23,0.23
1769644800,0x474e2710DB4D8AADBA33af61Ba86392edDebd538,18095.05703022564,0.000169876822919187,[],"[('0x4200000000000000000000000000000000000006', 721976900017480), ('0x54e86315C03217b76A7466C302245fD10ebEf25A', 246826364989469)]",1868,Soneium,soneium,0.0,2.75,2.75
1769644800,0xDaC26c3ffe00ad0656f8Cd8752186d2f7D9ae789,1501213.2372945803,0.014093798286004024,[],"[('0x1217BfE6c773EEC6cc4A38b5Dc45B92292B6E189', 28963319), ('0x4200000000000000000000000000000000000006', 9578577622049744)]",1868,Soneium,soneium,0.0,54.82,54.82
1769644800,0x378fBADc44055075Cc190091a9E890baDF848A52,237306.98403022767,0.002228013074310397,[],"[('0x102d758f688a4C1C5a80b116bD945d4455460282', 14769471), ('0x4200000000000000000000000000000000000006', 4978496650028990)]",1868,Soneium,soneium,0.0,28.16,28.16
1769644800,0x0030f9872caAC56c1E81f699F58991718d6beE04,185878.01382774365,0.001744750170876803,[],"[('0x102d758f688a4C1C5a80b116bD945d4455460282', 13604397), ('0xbA9986D2381edf1DA03B0B9c1f8b00dc4AacC369', 13257929)]",1868,Soneium,soneium,0.0,26.79,26.79
1769644800,0xfeF40EB3d830cb762f9735B9b77eE3c74AC616a1,475906.27977436566,0.00446742042067595,[],"[('0x2CAE934a1e84F693fbb78CA5ED3B0A6893259441', 412985009045570635057), ('0x3b0DC2daC9498A024003609031D973B1171dE09E', 1132809859618410320279)]",1868,Soneium,soneium,0.0,15.58,15.58
1769644800,0xC6b8E3559feb231d7769c12872FFBE95c3E20Ff7,1632887.8189670078,0.015327409379341163,[],"[('0x4200000000000000000000000000000000000006', 54095274752387155)]",1868,Soneium,soneium,0.0,146.24,146.24
1769644800,0xd10442224899Ba54bD2b9a3d8953B29BA162FBbf,29711.612865564835,0.000278896423161515,[],"[('0x541FD749419CA806a8bc7da8ac23D346f2dF8B77', 429510710123), ('0xCC0966D8418d412c599A6421b760a847eB169A8c', 101385810526)]",1868,Soneium,soneium,0.0,0.04,0.04
1769644800,0x8C37510C068e3F55DD849aA3197Ec2CD92F70770,4.19100890767311,0.0,[],[],1868,Soneium,soneium,0.0,0.0,0.0
1769644800,0x9d89192797F6b0D6F69ddeeDB0c343bEc2dc40b4,0.002051868251113382,1.9260566e-11,[],"[('0x541FD749419CA806a8bc7da8ac23D346f2dF8B77', 77429227224)]",1868,Soneium,soneium,0.0,0.01,0.01
1769644800,0x444e042B982bfcB39bf9513362BA6eadC0338989,789600.9578481487,0.007411909854139648,[],"[('0x2CAE934a1e84F693fbb78CA5ED3B0A6893259441', 1857255647296063822904), ('0xbA9986D2381edf1DA03B0B9c1f8b00dc4AacC369', 20425420)]",1868,Soneium,soneium,0.0,38.09,38.09
1769644800,0xCD80Af2043e233A56700A32e75312aaaa13677D8,100.97595517761006,9.4808382056e-07,[],"[('0x4200000000000000000000000000000000000006', 487053827854272), ('0xaA9BD8c957D803466FA92504BDd728cC140f8941', 92977252835346)]",1868,Soneium,soneium,0.0,1.32,1.32
1769644800,0xe424d12BEFA0466AAbEF82CB401534339ff2E838,1126094.652224955,0.01057208295605512,[],"[('0x1217BfE6c773EEC6cc4A38b5Dc45B92292B6E189', 11799587), ('0xbA9986D2381edf1DA03B0B9c1f8b00dc4AacC369', 8897172)]",1868,Soneium,soneium,0.0,20.68,20.68
1769644800,0xb45A46AAC62E4C5C31D63ecB5C1BE7b12f7a8d57,0.0023878280210639,2.2415873e-11,[],"[('0xb1b385542B6E80F77B94393Ba8342c3Af699f15c', 29325883270005818)]",1868,Soneium,soneium,0.0,0.03,0.03
1769644800,0x21b3D5D4701A8A56EED9b28e4fefc3902Cc6039C,307.0324632841601,2.882313612889e-06,[],"[('0x2a52B289bA68bBd02676640aA9F605700c9e5699', 291974128193841), ('0xb1b385542B6E80F77B94393Ba8342c3Af699f15c', 329724754251698)]",1868,Soneium,soneium,0.0,0.0,0.0
1769644800,0xc24278d4EBAF9Cb050bC8f84D00309bdE4d36A9E,0.0,0.0,[],[],5330,Superseed,superseed,0.0,0.0,0.0
1769644800,0x9e374285AcC74D3963f619760E46AB1AF41672ee,98034.63446180182,0.000920342331833442,[],"[('0x4200000000000000000000000000000000000006', 1846353957812627), ('0xC316C8252B5F2176d0135Ebb0999E99296998F2e', 5517612)]",5330,Superseed,superseed,0.0,0.0,0.0
1769644800,0x6210eae429D2300b5E92E6E38C2D0356878460F6,38132.5372679312,0.000357985608459302,[],"[('0x4200000000000000000000000000000000000006', 80525914559225)]",5330,Superseed,superseed,0.0,0.0,0.0
1769644800,0xc2026f3fb6fc51F4EcAE40a88b4509cB6C143ed4,38079.81932648222,0.0,[],[],5330,Superseed,superseed,0.0,0.0,0.0
1769644800,0x5d99199a08B33F7113e9a4ce07eD44CF9a315737,38421.31467058813,0.000360696630636323,[],[],5330,Superseed,superseed,0.0,0.0,0.0
1769644800,0xDaC26c3ffe00ad0656f8Cd8752186d2f7D9ae789,1876605.9788357576,0.017618903389458488,[],"[('0x1217BfE6c773EEC6cc4A38b5Dc45B92292B6E189', 51359029), ('0x4200000000000000000000000000000000000006', 17125004709107735)]",5330,Superseed,superseed,0.0,0.0,0.0
1769644800,0x42b0012CDB35cC40710fe91658b8039B3280f15d,225746.3767743418,0.002119375411321501,[],"[('0x1217BfE6c773EEC6cc4A38b5Dc45B92292B6E189', 3549723), ('0xC316C8252B5F2176d0135Ebb0999E99296998F2e', 2051552)]",5330,Superseed,superseed,0.0,0.0,0.0
1769644800,0x9e9b8e685A192729E7015Cb61745786b7bd8E197,1548920.757611196,0.014540390853804236,[],"[('0x4200000000000000000000000000000000000006', 547379425871134), ('0x6EA1fFcbD7F5D210dB07D9E773862B0512fA219B', 7349277088446566226511)]",5330,Superseed,superseed,0.0,0.0,0.0
1769644800,0x269f196191bd454bD6A4802b194091cA22e5f449,61389.633768472675,0.000576251089252234,[],"[('0x6EA1fFcbD7F5D210dB07D9E773862B0512fA219B', 711637607316473633583)]",5330,Superseed,superseed,0.0,0.0,0.0
1769644800,0xeab009A8f12F059FA028dee5e9e516A0C150BD41,19712.32753178117,0.000185036538768238,[],"[('0x2826D136F5630adA89C1678b64A61620Aab77Aea', 1004238628976931138377), ('0x5d3a1Ff2b6BAb83b63cd9AD0787074081a52ef34', 1141116313246540800)]",1923,Swell,swell,0.0,0.0,0.0
1769644800,0x6F96C6F73147DB99716A0328eda2b6bfF136CdB8,33872.927178563965,0.000317959875259019,[],"[('0x4200000000000000000000000000000000000006', 564120849579494), ('0x5d3a1Ff2b6BAb83b63cd9AD0787074081a52ef34', 1664152666911128471)]",1923,Swell,swell,0.0,0.0,0.0
1769644800,0xFfFB9B7509da106c5542C71cB314C1CF38D37F36,32681.761268362556,0.000306781630818885,[],"[('0x4200000000000000000000000000000000000006', 100257700210125), ('0x7f9AdFbd38b669F03d1d11000Bc76b9AaEA28A81', 157875040251308354310)]",1923,Swell,swell,0.0,0.0,0.0
1769644800,0x5cf08c03f28a0134B55C790f804FaCA52a86d23B,11.347638316957099,1.06519564849e-07,[],"[('0x4200000000000000000000000000000000000006', 26216597890836), ('0xc2606AADe4bdd978a4fa5a6edb3b66657acEe6F8', 1178283617583051)]",1923,Swell,swell,0.0,0.0,0.0
1769644800,0xc24278d4EBAF9Cb050bC8f84D00309bdE4d36A9E,0.0,0.0,[],[],1923,Swell,swell,0.0,0.0,0.0
1769644800,0xF1C0e9F805270De0BCe9cfec5A8395c7c65Fe254,12271.557353853996,0.000115195001466783,[],"[('0x5d3a1Ff2b6BAb83b63cd9AD0787074081a52ef34', 239633704941134566)]",1923,Swell,swell,0.0,0.0,0.0
1769644800,0x1bDcA37546f2B389F5928EE84b9fdBf08A55ddF7,208741.87869405662,0.00195949220860619,[],"[('0x18d33689AE5d02649a859A1CF16c9f0563975258', 527065345083703), ('0x9ab96A4668456896d45c301Bc3A15Cee76AA7B8D', 1622450)]",1923,Swell,swell,0.0,0.0,0.0
1769644800,0x22c360c7D52925A02a07FD6814eb02bb3a9bEBB0,156.4052407718804,1.468340952498e-06,[],"[('0x4200000000000000000000000000000000000006', 510739655984), ('0x7c98E0779EB5924b3ba8cE3B17648539ed5b0Ecc', 224350598540)]",1923,Swell,swell,0.0,0.0,0.0
1769644800,0x818eC3274C43A45Ca588b485794644438a3F4653,9398.789318705007,8.823780737587e-05,[],"[('0x4200000000000000000000000000000000000006', 20441294093996), ('0xA6cB988942610f6731e664379D15fFcfBf282b44', 18722447755294)]",1923,Swell,swell,0.0,0.0,0.0
1769644800,0x27BaE97405D3E23c87aa2F9041c6896af1aD8747,47.529657969856586,4.46218407751e-07,[],"[('0x2416092f143378750bb29b79eD961ab195CcEea5', 105135612741), ('0x7c98E0779EB5924b3ba8cE3B17648539ed5b0Ecc', 76259323861)]",1923,Swell,swell,0.0,0.0,0.0
1769644800,0xf495610d64FA6a32C5F968c947028f9C7Cacfb19,2684658.0223295526,0.025203716308905343,[],"[('0x18d33689AE5d02649a859A1CF16c9f0563975258', 571751453896155), ('0x4200000000000000000000000000000000000006', 329475307877211)]",1923,Swell,swell,0.0,0.0,0.0
1769644800,0xd91A9926C9eDB79D30D9950c8375575ebEcF2486,0.0,0.0,[],[],1923,Swell,swell,0.0,0.0,0.0
1769644800,0x483797023007248E23D7914eF3C6804053D8d15C,15369.622915449274,0.000144267477663566,[],[],1923,Swell,swell,0.0,0.0,0.0
1769644800,0xd2e582fcBE1cE1952a0BE52C8A5eB41445ABFdb5,101.1298969536702,9.49287403009e-07,[],"[('0x5d3a1Ff2b6BAb83b63cd9AD0787074081a52ef34', 79062254145321355)]",1923,Swell,swell,0.0,0.0,0.0
1769644800,0xC00b58BF1CD26907E10F244c790eadDa4Bb0F234,255.60218987461812,2.399289886953e-06,[],"[('0x5d3a1Ff2b6BAb83b63cd9AD0787074081a52ef34', 9592490882709016)]",1923,Swell,swell,0.0,0.0,0.0
1769644800,0x378fBADc44055075Cc190091a9E890baDF848A52,740.2640745456445,6.948720230462e-06,[],"[('0x4200000000000000000000000000000000000006', 1886069633385)]",1923,Swell,swell,0.0,0.0,0.0
1769644800,0x870177d19151F102E519F145d8cf5965Ae43c288,3707.8996856724343,3.4806165728944e-05,[],"[('0x0000bAa0b1678229863c0A941C1056b83a1955F5', 94903521705418949), ('0x5d3a1Ff2b6BAb83b63cd9AD0787074081a52ef34', 96703958400032888)]",1923,Swell,swell,0.0,0.0,0.0
1769644800,0xb05332E52A7eC8546b0787932B4c4E83B4730474,11003.541338589215,0.000103290573074597,[],"[('0x0000bAa0b1678229863c0A941C1056b83a1955F5', 309866543191852510), ('0x4200000000000000000000000000000000000006', 103703441435169)]",1923,Swell,swell,0.0,0.0,0.0
1769644800,0x80278bcAd30d2a033c46558e927F3596e4B584D1,532.2626320867646,4.996365315739e-06,[],"[('0x0000bAa0b1678229863c0A941C1056b83a1955F5', 57951060451299856)]",1923,Swell,swell,0.0,0.0,0.0
1769644800,0xeb5A50af8ab6Bd56C71E1376a1455ad2B6E130Be,562953.2722565504,0.005284354413179418,[],"[('0x1217BfE6c773EEC6cc4A38b5Dc45B92292B6E189', 963855), ('0x5d3a1Ff2b6BAb83b63cd9AD0787074081a52ef34', 643717472192733452)]",1923,Swell,swell,0.0,0.0,0.0
1769644800,0xDaC26c3ffe00ad0656f8Cd8752186d2f7D9ae789,1877624.7875821446,0.0176264862264351,[],"[('0x1217BfE6c773EEC6cc4A38b5Dc45B92292B6E189', 38233732), ('0x4200000000000000000000000000000000000006', 12572191773883899)]",1923,Swell,swell,0.0,0.0,0.0
1769644800,0xc24278d4EBAF9Cb050bC8f84D00309bdE4d36A9E,0.0,0.0,[],[],130,Unichain,unichain,0.0,0.0,0.0
1769644800,0x5438e884c621d5db08fA605B53ca04c5B33a623A,8893635.282813672,0.08349531523111983,[],"[('0x078D782b760474a361dDA0AF3839290b0EF57AD6', 669717099), ('0x4200000000000000000000000000000000000006', 227384525483398021)]",130,Unichain,unichain,0.0,1294.97,1294.97
1769644800,0xc2026f3fb6fc51F4EcAE40a88b4509cB6C143ed4,215628.45905829695,0.002024381984814096,[],"[('0x4200000000000000000000000000000000000006', 633812389838860), ('0x7f9AdFbd38b669F03d1d11000Bc76b9AaEA28A81', 479958733393356228125)]",130,Unichain,unichain,0.0,1.74,1.74
1769644800,0xDaC26c3ffe00ad0656f8Cd8752186d2f7D9ae789,2955516.41706822,0.027747238081025433,[],"[('0x1217BfE6c773EEC6cc4A38b5Dc45B92292B6E189', 84744961), ('0x4200000000000000000000000000000000000006', 28520508644504675)]",130,Unichain,unichain,0.0,163.07,163.07
1769644800,0x31bAfd5D04580F71a808ae646BB787d38e9362f9,1805904.6755275219,0.016951240476650035,[],"[('0x078D782b760474a361dDA0AF3839290b0EF57AD6', 168038337), ('0x9151434b16b9763660705744891fA906F660EcC5', 166351661)]",130,Unichain,unichain,0.0,334.13,334.13
1769644800,0x41Efd838041eE4D530C9a6826b65Be88f2aec999,640.7676494497655,6.01479576086e-06,[],"[('0x4200000000000000000000000000000000000006', 1030444831020)]",130,Unichain,unichain,0.0,0.0,0.0
1769644800,0x9D9eE4DCa4B15Ae69Ad1F93fcE1C6896A7e13aB1,0.0,0.0,[],[],130,Unichain,unichain,0.0,0.0,0.0
1769644800,0x95A0deC1E4fE633AEA5AD725375071a3a9F24501,2057751.7355063192,0.019315825988180053,[],"[('0x4200000000000000000000000000000000000006', 21761205974421498), ('0x9151434b16b9763660705744891fA906F660EcC5', 64093190)]",130,Unichain,unichain,0.0,123.86,123.86
1769644800,0x5c7E1F0dCFA6D4F300C55BaB41f27289c88A202A,1501208.0879906488,0.014091629082038412,[],"[('0x078D782b760474a361dDA0AF3839290b0EF57AD6', 12124400), ('0x1217BfE6c773EEC6cc4A38b5Dc45B92292B6E189', 13113103)]",130,Unichain,unichain,0.0,25.22,25.22
1769644800,0x735AC9EB60E9988147A6A3e79893C90D5B6b2f9F,0.000491076827537596,4.609836e-12,[],[],130,Unichain,unichain,0.0,0.0,0.0
1769644800,0xC6b8E3559feb231d7769c12872FFBE95c3E20Ff7,778505.7550333691,0.005332817925123381,[],"[('0x0555E30da8f98308EdB960aa94C0Db47230d2B9c', 622076), ('0x4200000000000000000000000000000000000006', 12623882593245108)]",130,Unichain,unichain,0.0,557.18,557.18
1769644800,0xA3d3b11efF5f9B01F743cD6403aB066887292d43,0.0,0.0,[],[],130,Unichain,unichain,0.0,0.0,0.0
1769644800,0x4DD903018D8e474c38c2daafdb6BDf0F62A40E75,422294.77729510434,0.003964133092052381,[],"[('0x9151434b16b9763660705744891fA906F660EcC5', 11179796)]",130,Unichain,unichain,0.0,11.16,11.16
1769644800,0x0162ccC58EDeca41F4C640f164EeC2d4F0efFAB2,201911.1515840462,0.001895756727360867,[],"[('0x078D782b760474a361dDA0AF3839290b0EF57AD6', 13681950)]",130,Unichain,unichain,0.0,13.68,13.68
1769644800,0xF994962cE11961fe7326e864F1014f114e378DB5,419.531659567471,3.938188853008e-06,[],[],42220,Celo,celo,0.0,0.0,0.0
1769644800,0xe8f84C5DaCC3c308747b953aB84FA47b4859263C,6525365.538335215,0.06126474406319272,[],"[('0x471EcE3750Da237f93B8E339c536989b8978a438', 2687613699741571549421), ('0x48065fbBE25f71C9282ddf5e1cD6D6A887483D5e', 314636614)]",42220,Celo,celo,0.0,605.67,605.67
1769644800,0xA6A14E6767C07Ffba3786Ac0054A8647Cfdca58D,3204103.2704978203,0.030082386291752233,[],"[('0x48065fbBE25f71C9282ddf5e1cD6D6A887483D5e', 198083751), ('0xD221812de1BD094f35587EE8E174B07B6167D9Af', 67226862211849886)]",42220,Celo,celo,0.0,380.9,380.9
1769644800,0xa9CF848774e87965B10389F69410834d2DA2C7C3,256600.0020640556,0.002409142194519847,[],"[('0x471EcE3750Da237f93B8E339c536989b8978a438', 68910196875332986052), ('0x7f9AdFbd38b669F03d1d11000Bc76b9AaEA28A81', 1049255768912151181917)]",42220,Celo,celo,0.0,7.47,7.47
1769644800,0xE16b284Ef941dBfC67f425857c51BB673d9D8A57,440338.0663944478,0.004133309447140278,[],"[('0x48065fbBE25f71C9282ddf5e1cD6D6A887483D5e', 36126177), ('0x765DE816845861e75A25fCA122bb6898B8B1282a', 34491551932991797060)]",42220,Celo,celo,0.0,70.57,70.57
1769644800,0xc20e81553f797ab98Bf4628057F88B0a5F1F5ce1,93066.09419385438,0.000873630113533533,[],"[('0x471EcE3750Da237f93B8E339c536989b8978a438', 9351971329724025380), ('0x765DE816845861e75A25fCA122bb6898B8B1282a', 1095296665436844858)]",42220,Celo,celo,0.0,2.11,2.11
1769644800,0xA70c1084b65c6f259f698C050b983B925Fe30e08,3967158.7420936124,0.03724174744611859,[],"[('0x471EcE3750Da237f93B8E339c536989b8978a438', 2667348119962779924940), ('0xcebA9300f2b948710d2653dD7B07f33A8B32118C', 312040144)]",42220,Celo,celo,0.0,601.23,601.23
1769644800,0x953f87a2C26344d4A667a640758A1Fa038eEA80E,2220436.800239865,0.02084509944348165,[],"[('0x48065fbBE25f71C9282ddf5e1cD6D6A887483D5e', 53658521), ('0xcebA9300f2b948710d2653dD7B07f33A8B32118C', 52288744)]",42220,Celo,celo,0.0,105.86,105.86
1769644800,0x760f3f0e6cFfD0F8156Adf4828E1FeF4dbA5DdA0,218242.657229615,0.002048721525717989,[],"[('0x765DE816845861e75A25fCA122bb6898B8B1282a', 27801914594201967098), ('0xcebA9300f2b948710d2653dD7B07f33A8B32118C', 27421762)]",42220,Celo,celo,0.0,55.22,55.22
1769644800,0x09BCBF3aa0AAc4554Ab128A9F8872b8ca36AD4f6,1477812.5313935669,0.013873096524471837,[],"[('0x471EcE3750Da237f93B8E339c536989b8978a438', 504429214708922192316), ('0xD221812de1BD094f35587EE8E174B07B6167D9Af', 19873749854195094)]",42220,Celo,celo,0.0,108.83,108.83
1769644800,0xf246c15F962df2636c473a7D01EcC6b17Ac0553e,1.9159520728454253,1.7984415628e-08,[],"[('0x471EcE3750Da237f93B8E339c536989b8978a438', 65486893051818420), ('0xD8763CBa276a3738E6DE85b4b3bF5FDed6D6cA73', 6628356215266957)]",42220,Celo,celo,0.0,0.01,0.01
1769644800,0x3EBE18FdB79a30C81BC87263EC4c74A650A7B8Ae,4.277919195378834,4.0155030282e-08,[],"[('0xD8763CBa276a3738E6DE85b4b3bF5FDed6D6cA73', 104695277141224)]",42220,Celo,celo,0.0,0.0,0.0
1769644800,0x5158e8211FC36f8bE6a4323410b7C1610Ff76db8,0.0,0.0,[],[],42220,Celo,celo,0.0,0.0,0.0
